DROP TABLE IF EXISTS bantin;

CREATE TABLE `bantin` (
  `id` int(11) unsigned NOT NULL AUTO_INCREMENT,
  `tenbantin` varchar(100) NOT NULL,
  `id_loaibantin` int(11) NOT NULL,
  `IDNhom` int(11) NOT NULL,
  `mota` varchar(300) NOT NULL,
  `motaDetails` longtext NOT NULL,
  `image` varchar(1000) NOT NULL,
  `date_created` datetime NOT NULL,
  `id_user` int(11) NOT NULL,
  PRIMARY KEY (`id`)
) ENGINE=InnoDB AUTO_INCREMENT=24 DEFAULT CHARSET=utf8;

INSERT INTO bantin VALUES("2","Tăng giới hạn dung lượng file PST lên 80 GB trong Outlook","13","1","Có một số mô hình triển khai mail trên Outlook sử dụng đạt giới hạn dung lượng là 50 GB và nếu như bạn chuyển sang một data mới sẽ mất Rule Mail. Đó là lý do chúng ta phải tăng giới hạn dung lượng file PST trong Outlook với mức tối đa là 80 GB.\n\n","<h2><u>HƯỚNG DẪN C&Aacute;CH TĂNG GIỚI HẠN DUNG LƯỢNG FILE PST TRONG OUTLOOK</u></h2>\n\n<p><em>Bước 1:&nbsp;</em>Để tăng giới hạn dung lượng file PST trong Outlook ch&uacute;ng ta cần phỉa mở phần Regitry Editor tr&ecirc;n m&aacute;y t&iacute;nh bằng c&aacute;ch nhấn&nbsp;<strong>tổ hợp ph&iacute;m Windows + R&nbsp;</strong>sau đ&oacute; g&otilde;&nbsp;<strong>Regedit&nbsp;</strong>rồi nhấn&nbsp;<strong>OK&nbsp;</strong>để mở.</p>\n\n<p><img src=\"https://taimienphi.vn/tmp/cf/aut/tang-gioi-han-dung-luong-file-pst-len-80-gb-trong-outlook-1.jpg\" alt=\"tang gioi han dung luong file pst len 80 gb trong outlook 2\" width=\"550\" height=\"319\" /></p>\n\n<p><em>Bước 2:&nbsp;</em>Tại giao diện của Registry Editor ch&uacute;ng ta sẽ truy cập v&agrave;o mục&nbsp;<strong>HKEY_LOCAL_USER&nbsp;</strong>đầu ti&ecirc;n v&agrave; truy cập v&agrave; truy cập v&agrave;o c&aacute;c mục tiếp theo...</p>\n\n<p><img class=\"lazy\" src=\"https://imgt.taimienphi.vn/cf/Images/gl/2019/10/22/tang-gioi-han-dung-luong-file-pst-len-80-gb-trong-outlook-2.jpg\" alt=\"tang gioi han dung luong file pst len 80 gb trong outlook 3\" width=\"550\" height=\"324\" data-original=\"https://imgt.taimienphi.vn/cf/Images/gl/2019/10/22/tang-gioi-han-dung-luong-file-pst-len-80-gb-trong-outlook-2.jpg\" /></p>\n\n<p><em>Bước 3:&nbsp;</em>Kế đ&oacute; bạn v&agrave;o lần lượt c&aacute;c mục như sau:&nbsp;<strong>HKEY_CURRENT_USER &gt; Software &gt; Microsoft &gt; Office</strong>&nbsp;v&agrave; tại đ&acirc;y lựa chọn Office m&igrave;nh đang sử dụng.</p>\n\n<p><strong>Lưu &yacute;:&nbsp;</strong>C&oacute; thể l&agrave; Office 11.0, 12.0, 14.0, 15.0 hoặc 16.0 t&ugrave;y v&agrave;o phi&ecirc;n bản office m&agrave; bạn đang sử dụng. Ở đ&acirc;y ch&uacute;ng t&ocirc;i đang sử dụng Office 365.</p>\n\n<p><img class=\"lazy\" src=\"https://imgt.taimienphi.vn/cf/Images/gl/2019/10/22/tang-gioi-han-dung-luong-file-pst-len-80-gb-trong-outlook-3.jpg\" alt=\"tang gioi han dung luong file pst len 80 gb trong outlook 4\" width=\"550\" height=\"324\" data-original=\"https://imgt.taimienphi.vn/cf/Images/gl/2019/10/22/tang-gioi-han-dung-luong-file-pst-len-80-gb-trong-outlook-3.jpg\" /></p>\n\n<p><em>Bước 4:&nbsp;</em>Trong Office sau khi lựa chọn phi&ecirc;n bản ch&uacute;ng ta tiếp tục v&agrave;o Folder PST, trong Folder n&agrave;y bạn&nbsp;<strong>click chuột phải &gt;</strong>lựa chọn&nbsp;<strong>New&nbsp;</strong>&gt; chọn Tiếp&nbsp;<strong>Dword (32-bit)&nbsp;</strong>Value để tạo ra một file REG_Dword mới.</p>\n\n<p><strong>Lưu &yacute;:&nbsp;</strong>Tạo ra 2 file li&ecirc;n tiếp nh&eacute;.</p>\n\n<p><img class=\"lazy\" src=\"https://imgt.taimienphi.vn/cf/Images/gl/2019/10/22/tang-gioi-han-dung-luong-file-pst-len-80-gb-trong-outlook-4.jpg\" alt=\"tang gioi han dung luong file pst len 80 gb trong outlook 5\" width=\"550\" height=\"324\" data-original=\"https://imgt.taimienphi.vn/cf/Images/gl/2019/10/22/tang-gioi-han-dung-luong-file-pst-len-80-gb-trong-outlook-4.jpg\" /></p>\n\n<p><em>Bước 5:&nbsp;</em>Sau khi tạo xong 2 file mới bạn lần lượt đặt t&ecirc;n cho n&oacute; l&agrave;&nbsp;<strong>MaxLarrgeFileSize&nbsp;</strong>v&agrave;&nbsp;<strong>WarnLargeFileSize&nbsp;</strong>như h&igrave;nh dưới đ&acirc;y rồi ch&uacute;ng ta click v&agrave;o từng file một.</p>\n\n<p><img class=\"lazy\" src=\"https://imgt.taimienphi.vn/cf/Images/gl/2019/10/22/tang-gioi-han-dung-luong-file-pst-len-80-gb-trong-outlook-5.jpg\" alt=\"tang gioi han dung luong file pst len 80 gb trong outlook 6\" width=\"550\" height=\"324\" data-original=\"https://imgt.taimienphi.vn/cf/Images/gl/2019/10/22/tang-gioi-han-dung-luong-file-pst-len-80-gb-trong-outlook-5.jpg\" /></p>\n\n<p>=&gt; Với file&nbsp;<strong>MaxLarrgeFileSize&nbsp;</strong>bạn chọn&nbsp;<strong>Decimal&nbsp;</strong>v&agrave; chỉnh gi&aacute; rị l&agrave;&nbsp;<strong>81920</strong>.</p>\n\n<p><img class=\"lazy\" src=\"https://imgt.taimienphi.vn/cf/Images/gl/2019/10/22/tang-gioi-han-dung-luong-file-pst-len-80-gb-trong-outlook-6.jpg\" alt=\"tang gioi han dung luong file pst len 80 gb trong outlook 7\" width=\"550\" height=\"324\" data-original=\"https://imgt.taimienphi.vn/cf/Images/gl/2019/10/22/tang-gioi-han-dung-luong-file-pst-len-80-gb-trong-outlook-6.jpg\" /></p>\n\n<p>=&gt; Với file&nbsp;<strong>WarnLargeFileSize&nbsp;</strong>bạn chọn&nbsp;<strong>Decimal&nbsp;</strong>v&agrave; chỉnh gi&aacute; rị l&agrave;&nbsp;<strong>13042</strong>.</p>\n\n<p><img class=\"lazy\" src=\"https://imgt.taimienphi.vn/cf/Images/gl/2019/10/22/tang-gioi-han-dung-luong-file-pst-len-80-gb-trong-outlook-7.jpg\" alt=\"tang gioi han dung luong file pst len 80 gb trong outlook 8\" width=\"550\" height=\"324\" data-original=\"https://imgt.taimienphi.vn/cf/Images/gl/2019/10/22/tang-gioi-han-dung-luong-file-pst-len-80-gb-trong-outlook-7.jpg\" /></p>\n\n<p>V&agrave; kết quả sau khi thiết lập ch&uacute;ng ta sẽ được như h&igrave;nh dưới, sau thao t&aacute;c n&agrave;y bạn chỉ cần đ&oacute;ng cả Regedit v&agrave; Outlook lại nếu chưa đ&oacute;ng trước đ&oacute;.</p>\n\n<p><img class=\"lazy\" src=\"https://imgt.taimienphi.vn/cf/Images/gl/2019/10/22/tang-gioi-han-dung-luong-file-pst-len-80-gb-trong-outlook-8.jpg\" alt=\"tang gioi han dung luong file pst len 80 gb trong outlook 9\" width=\"550\" height=\"277\" data-original=\"https://imgt.taimienphi.vn/cf/Images/gl/2019/10/22/tang-gioi-han-dung-luong-file-pst-len-80-gb-trong-outlook-8.jpg\" /></p>\n\n<p>Tr&ecirc;n đ&acirc;y l&agrave; hướng dẫn nhanh c&aacute;ch để tăng giới hạn dung lượng file PST trong Outlook đối với những ai c&oacute; hệ thống mail lớn. Việc mở rộng giới hạn sẽ gi&uacute;p người sử dụng c&oacute; thể nhanh ch&oacute;ng. Sử dụng Outlook để l&agrave;m việc lu&ocirc;n l&agrave; giải ph&aacute;p m&agrave; c&aacute;c doanh nghiệp hiện nay &aacute;p dụng v&agrave; ch&iacute;nh v&igrave; thế bạn phải biết được c&aacute;ch thức hoạt động của n&oacute;. Hiện nay để tạo mail Outlook l&agrave; ho&agrave;n to&agrave;n miễn ph&iacute;, tuy nhi&ecirc;n nếu bạn&nbsp;<a href=\"https://thuthuat.taimienphi.vn/tao-email-outlook-3547n.aspx\" target=\"_blank\" rel=\"noopener\">tạo mail Outlook</a>&nbsp;với t&agrave;i khoản doanh nghiệp bạn sẽ được trải nghiệm nhiều t&iacute;nh năng hơn mặc d&ugrave; n&oacute; mất ph&iacute;.</p>","10012022152451_Capture.PNG","2022-01-10 15:27:38","0");
INSERT INTO bantin VALUES("5","Format định dạng file csv","13","1","Cách format định dạnh file csv sang excel dễ đọc","<p><strong>Bước 1:</strong>&nbsp;Tiến h&agrave;nh Open( mở ) Excel 2016 từ giao diện m&agrave;n h&igrave;nh ch&iacute;nh hoặc v&agrave;o Start ( cửa sổ windows tr&ecirc;n win 10) =&gt; g&otilde; Excel 2016 v&agrave; click đ&uacute;p v&agrave;o chương tr&igrave;nh.</p>\n\n<p><img class=\"aligncenter wp-image-1345 lazyloaded\" title=\"C&aacute;ch sửa lỗi file csv bị lỗi font v&agrave; kh&ocirc;ng chia cột khi tải ở Ahrefs 2\" src=\"https://backlinkaz.com/wp-content/uploads/2020/09/sua-loi-file-csv-loi-font-backlinkaz-8.png\" sizes=\"(max-width: 707px) 100vw, 707px\" srcset=\"https://backlinkaz.com/wp-content/uploads/2020/09/sua-loi-file-csv-loi-font-backlinkaz-8.png 832w, https://backlinkaz.com/wp-content/uploads/2020/09/sua-loi-file-csv-loi-font-backlinkaz-8-300x227.png 300w, https://backlinkaz.com/wp-content/uploads/2020/09/sua-loi-file-csv-loi-font-backlinkaz-8-768x581.png 768w\" alt=\"sua loi file csv loi font backlinkaz 8\" width=\"707\" height=\"534\" loading=\"lazy\" data-src=\"https://backlinkaz.com/wp-content/uploads/2020/09/sua-loi-file-csv-loi-font-backlinkaz-8.png\" data-srcset=\"https://backlinkaz.com/wp-content/uploads/2020/09/sua-loi-file-csv-loi-font-backlinkaz-8.png 832w, https://backlinkaz.com/wp-content/uploads/2020/09/sua-loi-file-csv-loi-font-backlinkaz-8-300x227.png 300w, https://backlinkaz.com/wp-content/uploads/2020/09/sua-loi-file-csv-loi-font-backlinkaz-8-768x581.png 768w\" /></p>\n\n<p><strong>Bước 2</strong>: Chọn thẻ Data =&gt; Click v&agrave;o From text =&gt; 1 hộp thoại sẽ mở ra v&agrave; c&aacute;c bạn mở theo đường dẫn nơi chứa file abc.csv ( trong đ&oacute; abc l&agrave; t&ecirc;n file bạn bị lỗi font) =&gt; Chọn Open để mở file</p>\n\n<p><img class=\"aligncenter wp-image-1344 lazyloaded\" title=\"C&aacute;ch sửa lỗi file csv bị lỗi font v&agrave; kh&ocirc;ng chia cột khi tải ở Ahrefs 3\" src=\"https://backlinkaz.com/wp-content/uploads/2020/09/sua-loi-file-csv-loi-font-backlinkaz-2.png\" sizes=\"(max-width: 715px) 100vw, 715px\" srcset=\"https://backlinkaz.com/wp-content/uploads/2020/09/sua-loi-file-csv-loi-font-backlinkaz-2.png 1021w, https://backlinkaz.com/wp-content/uploads/2020/09/sua-loi-file-csv-loi-font-backlinkaz-2-300x188.png 300w, https://backlinkaz.com/wp-content/uploads/2020/09/sua-loi-file-csv-loi-font-backlinkaz-2-768x481.png 768w\" alt=\"sua loi file csv loi font backlinkaz 2\" width=\"715\" height=\"447\" loading=\"lazy\" data-src=\"https://backlinkaz.com/wp-content/uploads/2020/09/sua-loi-file-csv-loi-font-backlinkaz-2.png\" data-srcset=\"https://backlinkaz.com/wp-content/uploads/2020/09/sua-loi-file-csv-loi-font-backlinkaz-2.png 1021w, https://backlinkaz.com/wp-content/uploads/2020/09/sua-loi-file-csv-loi-font-backlinkaz-2-300x188.png 300w, https://backlinkaz.com/wp-content/uploads/2020/09/sua-loi-file-csv-loi-font-backlinkaz-2-768x481.png 768w\" /></p>\n\n<p><strong>Bước 3</strong>: Sau khi thao t&aacute;c ở bước 2, n&oacute; sẽ xuất hiện hộp thoại mới, c&aacute;c bạn chọn&nbsp;<strong>Delimited</strong>, ở mục File Origin c&aacute;c bạn h&atilde;y chọn&nbsp;<strong>Unicode (UTF-8)</strong>&nbsp;rồi nhấn Next để qua bước mới</p>\n\n<p><img class=\"wp-image-1346 size-full aligncenter lazyloaded\" title=\"C&aacute;ch sửa lỗi file csv bị lỗi font v&agrave; kh&ocirc;ng chia cột khi tải ở Ahrefs 4\" src=\"https://backlinkaz.com/wp-content/uploads/2020/09/sua-loi-file-csv-loi-font-backlinkaz-3.png\" sizes=\"(max-width: 576px) 100vw, 576px\" srcset=\"https://backlinkaz.com/wp-content/uploads/2020/09/sua-loi-file-csv-loi-font-backlinkaz-3.png 576w, https://backlinkaz.com/wp-content/uploads/2020/09/sua-loi-file-csv-loi-font-backlinkaz-3-300x228.png 300w\" alt=\"sua loi file csv loi font backlinkaz 3\" width=\"576\" height=\"438\" loading=\"lazy\" data-src=\"https://backlinkaz.com/wp-content/uploads/2020/09/sua-loi-file-csv-loi-font-backlinkaz-3.png\" data-srcset=\"https://backlinkaz.com/wp-content/uploads/2020/09/sua-loi-file-csv-loi-font-backlinkaz-3.png 576w, https://backlinkaz.com/wp-content/uploads/2020/09/sua-loi-file-csv-loi-font-backlinkaz-3-300x228.png 300w\" /></p>\n\n<p><strong>Bước 4</strong>: Sau khi next ở bước 3, n&oacute; sẽ ra 1 hộp thoại mới. Ở đ&acirc;y để hiện bảng c&oacute; c&aacute;c cột đầy đủ th&igrave; t&iacute;ch v&agrave;o thẻ&nbsp;<strong>comma</strong>, mặc định thẻ tab đ&atilde; chọn từ đầu nh&eacute;. Chọn xong nhấn next nhanh qua bước.</p>\n\n<p><img class=\"aligncenter wp-image-1347 size-full lazyloaded\" title=\"C&aacute;ch sửa lỗi file csv bị lỗi font v&agrave; kh&ocirc;ng chia cột khi tải ở Ahrefs 5\" src=\"https://backlinkaz.com/wp-content/uploads/2020/09/sua-loi-file-csv-loi-font-backlinkaz-4.png\" sizes=\"(max-width: 576px) 100vw, 576px\" srcset=\"https://backlinkaz.com/wp-content/uploads/2020/09/sua-loi-file-csv-loi-font-backlinkaz-4.png 576w, https://backlinkaz.com/wp-content/uploads/2020/09/sua-loi-file-csv-loi-font-backlinkaz-4-300x228.png 300w\" alt=\"sua loi file csv loi font backlinkaz 4\" width=\"576\" height=\"438\" loading=\"lazy\" data-src=\"https://backlinkaz.com/wp-content/uploads/2020/09/sua-loi-file-csv-loi-font-backlinkaz-4.png\" data-srcset=\"https://backlinkaz.com/wp-content/uploads/2020/09/sua-loi-file-csv-loi-font-backlinkaz-4.png 576w, https://backlinkaz.com/wp-content/uploads/2020/09/sua-loi-file-csv-loi-font-backlinkaz-4-300x228.png 300w\" /></p>\n\n<p><strong>Bước 5</strong>:Bước n&agrave;y để mặc định rồi nhấn Next th&ocirc;i nh&eacute; mọi người.</p>\n\n<p><img class=\"wp-image-1348 size-full aligncenter lazyloaded\" title=\"C&aacute;ch sửa lỗi file csv bị lỗi font v&agrave; kh&ocirc;ng chia cột khi tải ở Ahrefs 6\" src=\"https://backlinkaz.com/wp-content/uploads/2020/09/sua-loi-file-csv-loi-font-backlinkaz-5.png\" sizes=\"(max-width: 576px) 100vw, 576px\" srcset=\"https://backlinkaz.com/wp-content/uploads/2020/09/sua-loi-file-csv-loi-font-backlinkaz-5.png 576w, https://backlinkaz.com/wp-content/uploads/2020/09/sua-loi-file-csv-loi-font-backlinkaz-5-300x228.png 300w\" alt=\"sua loi file csv loi font backlinkaz 5\" width=\"576\" height=\"438\" loading=\"lazy\" data-src=\"https://backlinkaz.com/wp-content/uploads/2020/09/sua-loi-file-csv-loi-font-backlinkaz-5.png\" data-srcset=\"https://backlinkaz.com/wp-content/uploads/2020/09/sua-loi-file-csv-loi-font-backlinkaz-5.png 576w, https://backlinkaz.com/wp-content/uploads/2020/09/sua-loi-file-csv-loi-font-backlinkaz-5-300x228.png 300w\" /></p>\n\n<p><strong>Bước 6</strong>: Để dấu nhắc chọn ở khung A1, rồi nhấn OK th&igrave; kết quả bảng dữ liệu csv sẽ xuất hiện rất đẹp.</p>\n\n<p><img class=\"wp-image-1349 aligncenter lazyloaded\" title=\"C&aacute;ch sửa lỗi file csv bị lỗi font v&agrave; kh&ocirc;ng chia cột khi tải ở Ahrefs 7\" src=\"https://backlinkaz.com/wp-content/uploads/2020/09/sua-loi-file-csv-loi-font-backlinkaz-6.png\" sizes=\"(max-width: 724px) 100vw, 724px\" srcset=\"https://backlinkaz.com/wp-content/uploads/2020/09/sua-loi-file-csv-loi-font-backlinkaz-6.png 771w, https://backlinkaz.com/wp-content/uploads/2020/09/sua-loi-file-csv-loi-font-backlinkaz-6-300x134.png 300w, https://backlinkaz.com/wp-content/uploads/2020/09/sua-loi-file-csv-loi-font-backlinkaz-6-768x343.png 768w\" alt=\"sua loi file csv loi font backlinkaz 6\" width=\"724\" height=\"323\" loading=\"lazy\" data-src=\"https://backlinkaz.com/wp-content/uploads/2020/09/sua-loi-file-csv-loi-font-backlinkaz-6.png\" data-srcset=\"https://backlinkaz.com/wp-content/uploads/2020/09/sua-loi-file-csv-loi-font-backlinkaz-6.png 771w, https://backlinkaz.com/wp-content/uploads/2020/09/sua-loi-file-csv-loi-font-backlinkaz-6-300x134.png 300w, https://backlinkaz.com/wp-content/uploads/2020/09/sua-loi-file-csv-loi-font-backlinkaz-6-768x343.png 768w\" /></p>\n\n<p><strong>Bước 7</strong>: Đ&acirc;y l&agrave; kết quả sau khi xử l&yacute; file csv bị lỗi font. Qu&aacute; đẹp v&agrave; đơn giản phải kh&ocirc;ng n&agrave;o.</p>\n\n<p><img class=\"aligncenter wp-image-1350 lazyloaded\" title=\"C&aacute;ch sửa lỗi file csv bị lỗi font v&agrave; kh&ocirc;ng chia cột khi tải ở Ahrefs 8\" src=\"https://backlinkaz.com/wp-content/uploads/2020/09/sua-loi-file-csv-loi-font-backlinkaz-7.png\" sizes=\"(max-width: 714px) 100vw, 714px\" srcset=\"https://backlinkaz.com/wp-content/uploads/2020/09/sua-loi-file-csv-loi-font-backlinkaz-7.png 1098w, https://backlinkaz.com/wp-content/uploads/2020/09/sua-loi-file-csv-loi-font-backlinkaz-7-300x176.png 300w, https://backlinkaz.com/wp-content/uploads/2020/09/sua-loi-file-csv-loi-font-backlinkaz-7-1024x600.png 1024w, https://backlinkaz.com/wp-content/uploads/2020/09/sua-loi-file-csv-loi-font-backlinkaz-7-768x450.png 768w\" alt=\"sua loi file csv loi font backlinkaz 7\" width=\"714\" height=\"418\" loading=\"lazy\" data-src=\"https://backlinkaz.com/wp-content/uploads/2020/09/sua-loi-file-csv-loi-font-backlinkaz-7.png\" data-srcset=\"https://backlinkaz.com/wp-content/uploads/2020/09/sua-loi-file-csv-loi-font-backlinkaz-7.png 1098w, https://backlinkaz.com/wp-content/uploads/2020/09/sua-loi-file-csv-loi-font-backlinkaz-7-300x176.png 300w, https://backlinkaz.com/wp-content/uploads/2020/09/sua-loi-file-csv-loi-font-backlinkaz-7-1024x600.png 1024w, https://backlinkaz.com/wp-content/uploads/2020/09/sua-loi-file-csv-loi-font-backlinkaz-7-768x450.png 768w\" /></p>","11012022133611_sua-loi-file-csv-loi-font-backlinkaz-768x421.png","2022-01-11 13:36:11","0");
INSERT INTO bantin VALUES("6","Không Mở Được File Đính Kèm Trong Outlook","13","1","Nguyên nhân là mất quyền trên thư mục temp. Cách khắc phục đơn giản nhất là thay đổi lại đường dẫn vào thư mục khác.","<p>&nbsp;</p>\n\n<p><strong>Bước 1:</strong>&nbsp;V&agrave;o ổ C tạo một thư mục tạm bất kỳ (v&iacute; dụ temp0) v&agrave; copy lại đường dẫn v&agrave;o thư mục n&agrave;y.</p>\n\n<p><strong>Bước 2:</strong>&nbsp;V&agrave;o Run (windows + R) g&otilde; regedit t&igrave;m đường dẫn tương ứng với từng phi&ecirc;n bản Outlook như sau:</p>\n\n<p><strong>Outlook 2003</strong><br />HKEY_CURRENT_USERSoftwareMicrosoftOffice11.0OutlookSecurity</p>\n\n<p><strong>Outlook 2007</strong>&nbsp; &nbsp;<br />HKEY_CURRENT_USERSoftwareMicrosoftOffice12.0OutlookSecurity</p>\n\n<p><strong>Outlook 2010&nbsp;&nbsp;</strong>&nbsp;&nbsp;<br />HKEY_CURRENT_USERSoftwareMicrosoftOffice14.0OutlookSecurity</p>\n\n<p><strong>Outlook 2013</strong><br />HKEY_CURRENT_USERSoftwareMicrosoftOffice15.0OutlookSecurity</p>\n\n<p><strong>Bước 3:</strong>&nbsp;Double Click v&agrave;o OutlookSecureTempFolder thay đổi đường dẫn hiện tại bằng đường dẫn vừa copy b&ecirc;n tr&ecirc;n.</p>\n\n<p><strong>Bước 4:</strong>&nbsp;Khởi động lại outlook v&agrave; xem kết quả.</p>","11012022160327_OU.jpg","2022-01-11 16:03:27","0");
INSERT INTO bantin VALUES("7","5 công cụ chuyển đổi file MP4 và video trực tuyến miễn phí tốt nhất","13","1","5 công cụ chuyển đổi file MP4 và video trực tuyến miễn phí tốt nhất","<p>&nbsp;</p>\n\n<p>Nếu bạn kh&ocirc;ng thường xuy&ecirc;n l&agrave;m việc với c&aacute;c video hoặc định dạng file, th&igrave; việc chuyển đổi file c&oacute; thể l&agrave; một nhiệm vụ kh&oacute; khăn. C&oacute; h&agrave;ng trăm định dạng kh&aacute;c nhau cho c&aacute;c file video, &acirc;m thanh, h&igrave;nh ảnh v&agrave; t&agrave;i liệu, v&agrave; một định dạng sai c&oacute; thể tạo ra sự cố hoặc ph&aacute; vỡ dự &aacute;n mới nhất của bạn.</p>\n\n<p>May mắn thay, rất nhiều trang web trực tuyến c&oacute; thể gi&uacute;p bạn biến bất kỳ định dạng file n&agrave;o th&agrave;nh định dạng file n&agrave;o m&agrave; bạn đang t&igrave;m kiếm. Điều đ&oacute; c&oacute; nghĩa l&agrave; kh&ocirc;ng cần tải xuống phần mềm m&agrave; bạn sẽ kh&ocirc;ng bao giờ sử dụng nữa v&agrave; tất cả ho&agrave;n to&agrave;n miễn ph&iacute;. Sau đ&acirc;y l&agrave; 5 c&ocirc;ng cụ chuyển đổi&nbsp;<a title=\"File MP4 l&agrave; g&igrave;? L&agrave;m thế n&agrave;o để mở file MP4?\" href=\"https://quantrimang.com/file-mp4-la-gi-lam-the-nao-de-mo-file-mp4-158217\">file MP4</a>&nbsp;v&agrave; video trực tuyến miễn ph&iacute; tốt nhất m&agrave; bạn c&oacute; thể sử dụng ở thời điểm hiện tại</p>\n\n<h2>1.&nbsp;<a title=\"Tải Zamzar\" href=\"https://quantrimang.com/zamzar-183629\">C&ocirc;ng cụ chuyển đổi file trực tuyến Zamzar</a></h2>\n\n<figure><img class=\"lazy lightbox loaded\" src=\"https://st.quantrimang.com/photos/image/2022/03/10/chuyen-doi-video-va-mp4-truc-tuyen-mien-phi-1.jpg\" alt=\"Zamzar\" width=\"650\" height=\"282\" data-src=\"https://st.quantrimang.com/photos/image/2022/03/10/chuyen-doi-video-va-mp4-truc-tuyen-mien-phi-1.jpg\" data-i=\"0\" data-inimage-loaded=\"true\" data-was-processed=\"true\" />\n\n<figcaption>Zamzar</figcaption>\n\n</figure>\n\n<p>Ứng cử vi&ecirc;n đầu ti&ecirc;n trong danh s&aacute;ch n&agrave;y l&agrave; Zamzar, c&ocirc;ng cụ gi&uacute;p chuyển đổi file dễ d&agrave;ng. Điều n&agrave;y l&agrave;m cho n&oacute; trở th&agrave;nh một lựa chọn tuyệt vời cho những người kh&ocirc;ng biết n&ecirc;n sử dụng định dạng &acirc;m thanh n&agrave;o, chẳng hạn.</p>\n\n<p>Zamzar cố gắng l&agrave;m cho qu&aacute; tr&igrave;nh chuyển đổi trở n&ecirc;n dễ d&agrave;ng v&agrave; dễ tiếp cận hơn bao giờ hết. C&ocirc;ng cụ c&oacute; giao diện người d&ugrave;ng dễ hiểu v&agrave; rất đơn giản.</p>\n\n<p>Tất cả những g&igrave; bạn cần l&agrave;m với Zamzar l&agrave; upload l&ecirc;n một file. C&aacute;ch dễ nhất để thực hiện việc n&agrave;y l&agrave; sử dụng file bạn đ&atilde; tải xuống hoặc chỉnh sửa tr&ecirc;n m&aacute;y t&iacute;nh của m&igrave;nh. Ngo&agrave;i ra, bạn c&oacute; thể upload video l&ecirc;n từ Box,&nbsp;<a title=\"Tải Dropbox\" href=\"https://quantrimang.com/tai-dropbox-187279\">Dropbox</a>,&nbsp;<a title=\"Tải Google Drive\" href=\"https://quantrimang.com/google-drive-186247\">Google Drive</a>&nbsp;hoặc&nbsp;<a title=\"Tải OneDrive\" href=\"https://quantrimang.com/onedrive-trong-windows-10-la-gi-172470\">OneDrive</a>.</p>\n\n<div id=\"articleads2\" class=\"adbox in-article adsense\"></div>\n\n<p>Sau khi bạn chọn v&agrave; upload file xong, Zamzar sẽ tự động nhận dạng loại file bạn muốn chuyển đổi v&agrave; cung cấp cho bạn danh s&aacute;ch c&aacute;c t&ugrave;y chọn để chuyển đổi file. Đ&acirc;y sẽ l&agrave; tất cả c&aacute;c loại file tương th&iacute;ch.</p>\n\n<p>V&iacute; dụ, nếu bạn upload l&ecirc;n file JPG, Zamzar sẽ tự động hiển thị cho bạn c&aacute;c định dạng file h&igrave;nh ảnh kh&aacute;c để bạn lựa chọn. N&oacute; cũng sẽ hiển thị cho bạn c&aacute;c định dạng t&agrave;i liệu, trong trường hợp bạn muốn chuyển h&igrave;nh ảnh th&agrave;nh file PDF hoặc DOC.</p>\n\n<p>Qu&aacute; tr&igrave;nh chuyển đổi thực tế cũng diễn ra nhanh ch&oacute;ng v&agrave; dễ d&agrave;ng. Nếu muốn chuyển đổi h&agrave;ng loạt, bạn c&oacute; thể upload l&ecirc;n nhiều file trước khi qu&aacute; tr&igrave;nh chuyển đổi bắt đầu, điều n&agrave;y cho ph&eacute;p bạn thiết lập Zamzar v&agrave; tranh thủ thời gian l&agrave;m c&ocirc;ng việc kh&aacute;c trong khi ứng dụng thực hiện nhiệm vụ.</p>\n\n<p>Bạn thậm ch&iacute; c&oacute; thể chọn để Zamzar gửi email cho bạn khi qu&aacute; tr&igrave;nh chuyển đổi ho&agrave;n tất, v&igrave; vậy bạn kh&ocirc;ng phải lo lắng về việc bỏ lỡ thời điểm c&ocirc;ng việc tốn nhiều thời gian n&agrave;y kết th&uacute;c.</p>\n\n<ul>\n\n<li><a title=\"C&aacute;ch chuyển đổi định dạng video online bằng Zamzar\" href=\"https://quantrimang.com/cach-chuyen-doi-dinh-dang-video-online-bang-zamzar-127327\">C&aacute;ch chuyển đổi định dạng video online bằng Zamzar</a></li>\n\n</ul>\n\n<h2>2. Online-Convert.com</h2>\n\n<figure><img class=\"lazy lightbox loaded\" src=\"https://st.quantrimang.com/photos/image/2022/03/10/chuyen-doi-video-va-mp4-truc-tuyen-mien-phi-2.jpg\" alt=\"Online-Convert\" width=\"650\" height=\"289\" data-src=\"https://st.quantrimang.com/photos/image/2022/03/10/chuyen-doi-video-va-mp4-truc-tuyen-mien-phi-2.jpg\" data-i=\"1\" data-was-processed=\"true\" />\n\n<figcaption>Online-Convert</figcaption>\n\n</figure>\n\n<div id=\"articleads3\" class=\"adbox in-article\"></div>\n\n<p>Nếu bạn muốn được giải th&iacute;ch nhiều hơn một ch&uacute;t khi chuyển đổi v&agrave; thấy rất nhiều t&ugrave;y chọn kh&aacute;c nhau, th&igrave; Online-Convert c&oacute; thể l&agrave; một lựa chọn đ&aacute;ng xem x&eacute;t trong số c&aacute;c c&ocirc;ng cụ chuyển đổi file trực tuyến.</p>\n\n<p>Online-Convert c&oacute; một loạt c&aacute;c t&ugrave;y chọn chuyển đổi kh&aacute;c nhau đ&aacute;ng kinh ngạc để bạn lựa chọn. Nếu bạn sợ bị cho&aacute;ng ngợp bởi số lượng lớn những lựa chọn, Online-Convert cũng sẽ gi&uacute;p giải quyết vấn đề đ&oacute;.</p>\n\n<p>Mỗi lựa chọn c&oacute; một m&ocirc; tả ngắn gọn giải th&iacute;ch vị tr&iacute; của n&oacute; v&agrave; t&ugrave;y chọn để chọn trước định dạng mục ti&ecirc;u mong muốn, đảm bảo rằng bạn đang ở đ&uacute;ng nơi m&igrave;nh cần.</p>\n\n<p>V&iacute; dụ, nếu bạn đang muốn cập nhật file &acirc;m thanh từ thư viện nhạc của m&igrave;nh, th&igrave; tất cả những g&igrave; bạn cần l&agrave;m l&agrave; xem x&eacute;t t&ugrave;y chọn c&oacute; nh&atilde;n&nbsp;<strong>&ldquo;Audio converter&rdquo;.</strong>&nbsp;Từ đ&oacute;, bạn sẽ được cung cấp t&ugrave;y chọn chuyển đổi file của m&igrave;nh sang c&aacute;c định dạng &acirc;m thanh phổ biến nhất như&nbsp;<a title=\"File MP3 l&agrave; g&igrave;? Nghe nhạc MP3 tr&ecirc;n m&aacute;y t&iacute;nh bằng phần mềm g&igrave;?\" href=\"https://quantrimang.com/file-mp3-la-gi-doc-file-mp3-bang-phan-mem-gi-118491\">MP3</a>,&nbsp;<a title=\"WAV v&agrave; WAVE l&agrave; file g&igrave;? C&aacute;ch mở, chỉnh sửa v&agrave; chuyển đổi file WAV v&agrave; WAVE\" href=\"https://quantrimang.com/wav-va-wave-la-file-gi-cach-mo-chinh-sua-va-chuyen-doi-file-wav-va-wave-158461\">WAV</a>&nbsp;v&agrave;&nbsp;<a title=\"M4A l&agrave; file g&igrave;? C&aacute;ch mở, chỉnh sửa v&agrave; chuyển đổi file M4A\" href=\"https://quantrimang.com/m4a-la-file-gi-cach-mo-chinh-sua-va-chuyen-doi-file-m4a-158466\">M4A</a>.</p>\n\n<p>Từ đ&oacute;, tất cả những g&igrave; bạn cần l&agrave;m l&agrave; upload file l&ecirc;n từ m&aacute;y t&iacute;nh. Thay v&agrave;o đ&oacute;, bạn cũng c&oacute; thể nhập URL hoặc upload l&ecirc;n từ Dropbox v&agrave; Google Drive. C&oacute; rất nhiều t&ugrave;y chọn ở đ&acirc;y để bạn điều chỉnh kết quả chuyển đổi..</p>\n\n<h2>3. OnlineVideoConverter.com (OVC)</h2>\n\n<figure><img class=\"lazy lightbox loaded\" src=\"https://st.quantrimang.com/photos/image/2022/03/10/chuyen-doi-video-va-mp4-truc-tuyen-mien-phi-3.jpg\" alt=\"OnlineVideoConverter\" width=\"650\" height=\"163\" data-src=\"https://st.quantrimang.com/photos/image/2022/03/10/chuyen-doi-video-va-mp4-truc-tuyen-mien-phi-3.jpg\" data-i=\"2\" data-was-processed=\"true\" />\n\n<figcaption>OnlineVideoConverter</figcaption>\n\n</figure>\n\n<p>T&ugrave;y chọn tiếp theo trong danh s&aacute;ch n&agrave;y l&agrave; OnlineVideoConvert.com. OVC l&agrave; một t&agrave;i nguy&ecirc;n trực tuyến tuyệt vời cho bất kỳ ai muốn chuyển đổi file video nhưng kh&ocirc;ng thường xuy&ecirc;n thực sự tải file xuống. Nếu hầu hết c&ocirc;ng việc của bạn diễn ra trực tuyến, th&igrave; OVC l&agrave; một lựa chọn tuyệt vời.</p>\n\n<div class=\"adbox adsense in-article\">&nbsp;</div>\n\n<p>Giao diện người d&ugrave;ng thực tế của OVC rất đơn giản v&agrave; dễ sử dụng. Tất cả những g&igrave; bạn cần l&agrave;m l&agrave; chọn một trong ba t&ugrave;y chọn muốn sử dụng.</p>\n\n<p>Đầu ti&ecirc;n, bạn c&oacute; thể upload file video l&ecirc;n ứng dụng. Chương tr&igrave;nh n&agrave;y hoạt động giống như bất kỳ c&ocirc;ng cụ chuyển đổi trực tuyến miễn ph&iacute; n&agrave;o kh&aacute;c trong danh s&aacute;ch n&agrave;y. Bạn chỉ cần điều hướng đến file video tr&ecirc;n m&aacute;y t&iacute;nh v&agrave; sau đ&oacute; upload n&oacute; l&ecirc;n OVC.</p>\n\n<p>Tuy nhi&ecirc;n, nơi OVC thực sự tỏa s&aacute;ng l&agrave; ở hai lựa chọn c&ograve;n lại. Bạn c&oacute; thể chọn sử dụng li&ecirc;n kết video thay v&igrave; upload l&ecirc;n bất kỳ thứ g&igrave;, chẳng hạn như từ YouTube hoặc một trang web video kh&aacute;c.</p>\n\n<p>Bạn sẽ c&oacute; t&ugrave;y chọn để điều chỉnh chất lượng video tại đ&acirc;y,, chẳng hạn như bạn c&oacute; muốn video duy tr&igrave; ở chất lượng cao hoặc l&agrave;m qu&aacute; tr&igrave;nh chuyển đổi diễn ra nhanh hơn kh&ocirc;ng. Bạn cũng c&oacute; thể chọn timestamp để bắt đầu v&agrave; kết th&uacute;c qu&aacute; tr&igrave;nh chuyển đổi nếu muốn một clip từ video d&agrave;i hơn.</p>\n\n<p>Cuối c&ugrave;ng, OVC c&oacute; hỗ trợ cho c&aacute;c video ri&ecirc;ng m&agrave; bạn c&oacute; thể chuyển đổi ngay tại chỗ. B&acirc;y giờ, rất tiếc, t&ugrave;y chọn n&agrave;y kh&ocirc;ng thực sự l&agrave; một giải ph&aacute;p trực tuyến v&igrave; n&oacute; y&ecirc;u cầu bạn tải xuống một chương tr&igrave;nh. Tuy nhi&ecirc;n, đ&acirc;y c&oacute; thể l&agrave; một giải ph&aacute;p hữu &iacute;ch.</p>\n\n<h2>4. CloudConvert.com</h2>\n\n<figure><img class=\"lazy lightbox loaded\" src=\"https://st.quantrimang.com/photos/image/2022/03/10/chuyen-doi-video-va-mp4-truc-tuyen-mien-phi-4.jpg\" alt=\"CloudConvert\" width=\"650\" height=\"181\" data-src=\"https://st.quantrimang.com/photos/image/2022/03/10/chuyen-doi-video-va-mp4-truc-tuyen-mien-phi-4.jpg\" data-i=\"3\" data-was-processed=\"true\" />\n\n<figcaption>CloudConvert</figcaption>\n\n</figure>\n\n<p>Nếu bạn đang t&igrave;m kiếm một dịch vụ chuyển đổi video trực tuyến miễn ph&iacute; thực sự cho ph&eacute;p bạn tinh chỉnh v&agrave; điều chỉnh đầu ra của m&igrave;nh th&igrave; CloudConvert l&agrave; một lựa chọn tuyệt vời.</p>\n\n<p>CloudConvert hỗ trợ rất nhiều định dạng file kh&aacute;c nhau v&agrave; việc t&igrave;m kiếm những g&igrave; bạn cần thật dễ d&agrave;ng. Nếu kh&ocirc;ng chắc chắn, bạn lu&ocirc;n c&oacute; thể upload file trực tiếp l&ecirc;n v&agrave; CloudConvert sẽ cung cấp cho bạn c&aacute;c kết quả chuyển đổi khả thi để lựa chọn.</p>\n\n<p>Upload file l&ecirc;n từ m&aacute;y t&iacute;nh, bằng URL hoặc từ Google Drive, Dropbox v&agrave; OneDrive đều được hỗ trợ.</p>\n\n<p>Nếu bạn biết ch&iacute;nh x&aacute;c những g&igrave; m&igrave;nh đang t&igrave;m kiếm, CloudConvert cũng c&oacute; thể gi&uacute;p bạn l&agrave;m điều đ&oacute;. Tất cả những g&igrave; bạn cần l&agrave;m l&agrave; chọn loại file từ menu drop-down m&agrave; bạn đang muốn chuyển đổi. Bạn c&oacute; thể xem c&aacute;c định dạng theo loại định dạng (chẳng hạn như &acirc;m thanh, t&agrave;i liệu hoặc h&igrave;nh ảnh) hoặc trực tiếp t&igrave;m kiếm định dạng m&igrave;nh muốn.</p>\n\n<div class=\"adbox in-article adsense\">&nbsp;</div>\n\n<p>CloudConvert đi k&egrave;m với một danh s&aacute;ch mở rộng c&aacute;c t&ugrave;y chọn cho việc chuyển đổi dựa tr&ecirc;n những lựa chọn file của bạn.</p>\n\n<p>V&iacute; dụ, giả sử bạn muốn chuyển đổi một file MP4 sang file M4A. CloudConvert kh&ocirc;ng chỉ cho ph&eacute;p bạn chọn timestamp bắt đầu v&agrave; dừng m&agrave; c&ograve;n cho bạn quyền điều chỉnh c&aacute;c thuộc t&iacute;nh file thực tế.</p>\n\n<p>V&iacute; dụ, nếu bạn muốn thay đổi&nbsp;<a title=\"Codec l&agrave; g&igrave;? Sao phải cần codec l&agrave;m g&igrave;?\" href=\"https://quantrimang.com/codec-la-gi-sao-phai-can-codec-lam-gi-158152\">codec</a>&nbsp;&acirc;m thanh, tốc độ bit hoặc k&ecirc;nh, CloudConvert c&oacute; thể biến điều đ&oacute; th&agrave;nh hiện thực.</p>\n\n<h2>5. FreeConvert.com</h2>\n\n<figure><img class=\"lazy lightbox loaded\" src=\"https://st.quantrimang.com/photos/image/2022/03/10/chuyen-doi-video-va-mp4-truc-tuyen-mien-phi-5.jpg\" alt=\"FreeConvert\" width=\"650\" height=\"293\" data-src=\"https://st.quantrimang.com/photos/image/2022/03/10/chuyen-doi-video-va-mp4-truc-tuyen-mien-phi-5.jpg\" data-i=\"4\" data-was-processed=\"true\" />\n\n<figcaption>FreeConvert</figcaption>\n\n</figure>\n\n<p>Lựa chọn cuối c&ugrave;ng trong danh s&aacute;ch h&ocirc;m nay l&agrave; FreeConvert. FreeConvert thật tuyệt vời nếu bạn đang t&igrave;m kiếm thứ g&igrave; đ&oacute; dễ sử dụng nhưng vẫn đủ mạnh mẽ.</p>\n\n<p>FreeConvert cho ph&eacute;p bạn dễ d&agrave;ng upload l&ecirc;n từ nhiều định dạng file kh&aacute;c nhau. Bạn c&oacute; thể chọn upload l&ecirc;n trực tiếp từ m&aacute;y t&iacute;nh, URL hoặc Dropbox hay Google Drive.</p>\n\n<p>Qu&aacute; tr&igrave;nh chuyển đổi thực tế rất đơn giản. FreeConvert tự động liệt k&ecirc; c&aacute;c t&ugrave;y chọn đầu ra c&oacute; sẵn cho bạn. Điều th&uacute; vị về FreeConvert l&agrave; c&aacute;c t&ugrave;y chọn bạn c&oacute; để tinh chỉnh đầu ra của m&igrave;nh.</p>\n\n<p>V&iacute; dụ, nếu bạn đang điều chỉnh giữa c&aacute;c loại file h&igrave;nh ảnh&nbsp;<a title=\"File JPG (JPEG) l&agrave; g&igrave;?\" href=\"https://quantrimang.com/file-jpg-jpeg-la-gi-181784\">JPEG</a>,&nbsp;<a title=\"GIF l&agrave; g&igrave; v&agrave; sử dụng GIF như thế n&agrave;o?\" href=\"https://quantrimang.com/gif-la-gi-va-su-dung-GIF-nhu-the-nao-166801\">GIF</a>&nbsp;hoặc&nbsp;<a title=\"File PNG l&agrave; g&igrave;?\" href=\"https://quantrimang.com/file-png-la-gi-181935\">PNG</a>, FreeConvert sẽ cho ph&eacute;p bạn điều chỉnh k&iacute;ch thước đầu ra của h&igrave;nh ảnh, hướng của h&igrave;nh ảnh v&agrave; thậm ch&iacute; sẽ cho ph&eacute;p bạn t&aacute;ch si&ecirc;u dữ liệu nếu muốn.</p>\n\n<p>Như bạn c&oacute; thể thấy, c&oacute; rất nhiều t&ugrave;y chọn kh&aacute;c nhau để chuyển đổi video trực tuyến miễn ph&iacute;. Bất kể mức độ quen thuộc hoặc hiểu biết của bạn như thế n&agrave;o, vẫn c&oacute; những lựa chọn tuyệt vời d&agrave;nh cho bạn, tất cả đều kh&ocirc;ng y&ecirc;u cầu c&agrave;i đặt phần mềm.</p>\n\n<p>Hy vọng rằng bạn đ&atilde; t&igrave;m thấy những g&igrave; m&igrave;nh mong đợi!</p>","11032022111016_chuyen-doi-video-va-mp4-truc-tuyen-mien-phi-size-696x364-znd.jpg","2022-03-11 11:10:16","0");
INSERT INTO bantin VALUES("11","đá","1","1","đá","<p>faasfasfasf</p>","31032022105544_b879683f8575722b2b64(1).jpg","2022-03-31 10:55:44","0");
INSERT INTO bantin VALUES("12","Cách gỡ cài đặt ứng dụng trên Windows 11","14","1","Bên cạnh việc cài đặt, thì gỡ cài đặt ứng dụng cũng là một trong những tác vụ quan trọng trên bất cứ hệ thống máy tính nào. Đối với một ứng dụng đã không còn cần thiết, hoặc gây lỗi phần mềm, xung đột hệ thống, thì việc gỡ cài đặt nó là điều cần thiết. Bài viết này sẽ hướng dẫn bạn cách gỡ cài đặt m","<h2 id=\"mcetoc_1fv9t4q903v4\">Gỡ c&agrave;i đặt ứng dụng bằng Start Menu</h2>\n<p>Trước ti&ecirc;n, h&atilde;y nhấp v&agrave;o n&uacute;t Start tr&ecirc;n thanh taskbar dưới đ&aacute;y m&agrave;n h&igrave;nh. Trong giao diện menu Start hiện ra, bấm chọn mục &ldquo;<strong>All Apps</strong>&rdquo; ở g&oacute;c tr&ecirc;n b&ecirc;n phải.</p>\n<p><img class=\"lazy lightbox loaded\" src=\"https://st.quantrimang.com/photos/image/2021/09/04/go-cai-dat-ung-dung-windows-111.jpg\" alt=\"Bấm chọn mục &ldquo;All Apps&rdquo; \" width=\"640\" height=\"485\" data-src=\"https://st.quantrimang.com/photos/image/2021/09/04/go-cai-dat-ung-dung-windows-111.jpg\" data-i=\"0\" data-inimage-loaded=\"true\" data-was-processed=\"true\" /></p>\n<div class=\"adbox in-article\">\n<div id=\"v-quantrimang-v1-0\"></div>\n</div>\n<p>Tr&ecirc;n m&agrave;n h&igrave;nh &ldquo;<strong>All Apps</strong>&rdquo;, bạn t&igrave;m ứng dụng m&agrave; m&igrave;nh muốn gỡ c&agrave;i đặt trong danh s&aacute;ch ứng dụng hiện c&oacute; tr&ecirc;n hệ thống. Nhấp chuột phải v&agrave;o biểu tượng của ứng dụng v&agrave; chọn &ldquo;<strong>Uninstall</strong>&rdquo; từ menu nhỏ xuất hiện.</p>\n<p><img class=\"lazy lightbox loaded\" src=\"https://st.quantrimang.com/photos/image/2021/09/04/go-cai-dat-ung-dung-windows-112.jpg\" alt=\"Chọn &ldquo;Uninstall&rdquo;\" width=\"650\" height=\"380\" data-src=\"https://st.quantrimang.com/photos/image/2021/09/04/go-cai-dat-ung-dung-windows-112.jpg\" data-i=\"1\" data-was-processed=\"true\" /></p>\n<p>Nếu đ&acirc;y l&agrave; một ứng dụng Windows Store, bạn sẽ thấy một cửa sổ bật l&ecirc;n x&aacute;c nhận. Nhấp v&agrave;o &ldquo;<strong>Uninstall</strong>&rdquo; v&agrave; ứng dụng sẽ lập tức được gỡ c&agrave;i đặt ho&agrave;n to&agrave;n.</p>\n<p><img class=\"lazy lightbox loaded\" src=\"https://st.quantrimang.com/photos/image/2021/09/04/go-cai-dat-ung-dung-windows-113.jpg\" alt=\" Nhấp v&agrave;o &ldquo;Uninstall&rdquo; \" width=\"650\" height=\"223\" data-src=\"https://st.quantrimang.com/photos/image/2021/09/04/go-cai-dat-ung-dung-windows-113.jpg\" data-i=\"2\" data-was-processed=\"true\" /></p>\n<p>Trong trường hợp đ&acirc;y l&agrave; một ứng dụng Win32 cổ điển, Control Panel sẽ mở đến trang &ldquo;<strong>Programs and Features</strong>&rdquo;. Tr&ecirc;n m&agrave;n h&igrave;nh n&agrave;y, t&igrave;m ứng dụng bạn muốn gỡ c&agrave;i đặt, chọn n&oacute;, sau đ&oacute; nhấp v&agrave;o n&uacute;t &ldquo;<strong>Uninstall</strong>&rdquo; tr&ecirc;n thanh c&ocirc;ng cụ ngay ph&iacute;a tr&ecirc;n danh s&aacute;ch ứng dụng.</p>\n<div id=\"articleads3\" class=\"adbox in-article\"><ins class=\"adsbygoogle\" data-ad-format=\"fluid\" data-ad-layout=\"in-article\" data-ad-client=\"ca-pub-9275417305531302\" data-ad-slot=\"2737970258\" data-adsbygoogle-status=\"done\"><ins id=\"aswift_3_expand\"><ins id=\"aswift_3_anchor\"></ins></ins></ins></div>\n<p><img class=\"lazy lightbox loaded\" src=\"https://st.quantrimang.com/photos/image/2021/09/04/go-cai-dat-ung-dung-windows-114.jpg\" alt=\"Nhấp v&agrave;o n&uacute;t &ldquo;Uninstall&rdquo; tr&ecirc;n thanh c&ocirc;ng cụ\" width=\"650\" height=\"266\" data-src=\"https://st.quantrimang.com/photos/image/2021/09/04/go-cai-dat-ung-dung-windows-114.jpg\" data-i=\"3\" data-was-processed=\"true\" /></p>\n<p>Nhấp v&agrave;o &ldquo;<strong>Yes</strong>&rdquo; trong cửa sổ x&aacute;c nhận xuất hiện v&agrave; Windows sẽ gỡ c&agrave;i đặt chương tr&igrave;nh n&agrave;y ho&agrave;n to&agrave;n.</p>\n<h2 id=\"mcetoc_1fv9t4q903v5\">Gỡ c&agrave;i đặt ứng dụng bằng Settings</h2>\n<p>Bạn cũng c&oacute; thể gỡ c&agrave;i đặt một ứng dụng dễ d&agrave;ng bằng c&aacute;ch sử dụng menu Settings Windows.</p>\n<p>Trước ti&ecirc;n, mở ứng dụng Settings Windows bằng c&aacute;ch nhấn tổ hợp ph&iacute;m&nbsp;<strong>Windows + i</strong>. Hoặc bạn cũng c&oacute; thể nhấp chuột phải v&agrave;o n&uacute;t Start tr&ecirc;n thanh t&aacute;c vụ taskbar v&agrave; chọn &ldquo;<strong>Settings</strong>&rdquo; từ menu bật l&ecirc;n.</p>\n<p><img class=\"lazy lightbox loaded\" src=\"https://st.quantrimang.com/photos/image/2021/09/04/go-cai-dat-ung-dung-windows-115.jpg\" alt=\" Bấm chọn &ldquo;Settings&rdquo; \" width=\"650\" height=\"363\" data-src=\"https://st.quantrimang.com/photos/image/2021/09/04/go-cai-dat-ung-dung-windows-115.jpg\" data-i=\"4\" data-was-processed=\"true\" /></p>\n<p>Khi cửa sổ Settings mở ra, h&atilde;y nhấp v&agrave;o mục &ldquo;<strong>Apps</strong>&rdquo; trong danh s&aacute;ch b&ecirc;n phải, sau đ&oacute; chọn &ldquo;<strong>Apps &amp; Features</strong>&rdquo;.</p>\n<p><img class=\"lazy lightbox loaded\" src=\"https://st.quantrimang.com/photos/image/2021/09/04/go-cai-dat-ung-dung-windows-116.jpg\" alt=\"Chọn &ldquo;Apps &amp; Features&rdquo;\" width=\"650\" height=\"363\" data-src=\"https://st.quantrimang.com/photos/image/2021/09/04/go-cai-dat-ung-dung-windows-116.jpg\" data-i=\"5\" data-was-processed=\"true\" /></p>\n<p>Tr&ecirc;n m&agrave;n h&igrave;nh c&agrave;i đặt Apps &amp; Features, cuộn xuống danh s&aacute;ch ứng dụng v&agrave; t&igrave;m ứng dụng bạn muốn gỡ c&agrave;i đặt. Nhấp v&agrave;o n&uacute;t ba chấm b&ecirc;n cạnh ứng dụng đ&oacute; v&agrave; chọn &ldquo;<strong>Uninstall</strong>&rdquo; trong menu xuất hiện.</p>\n<p><img class=\"lazy lightbox loaded\" src=\"https://st.quantrimang.com/photos/image/2021/09/04/go-cai-dat-ung-dung-windows-117.jpg\" alt=\"Chọn &ldquo;Uninstall&rdquo;\" width=\"650\" height=\"320\" data-src=\"https://st.quantrimang.com/photos/image/2021/09/04/go-cai-dat-ung-dung-windows-117.jpg\" data-i=\"6\" data-was-processed=\"true\" /></p>\n<p>Khi hệ thống y&ecirc;u cầu x&aacute;c nhận, h&atilde;y nhấp v&agrave;o &ldquo;<strong>Uninstall</strong>&rdquo; v&agrave; ứng dụng sẽ được gỡ c&agrave;i đặt lập tức nếu đ&acirc;y l&agrave; một ứng dụng Windows Store. Trong trường hợp đ&oacute; l&agrave; ứng dụng Win32, bạn sẽ cần nhấp v&agrave;o &ldquo;<strong>Yes</strong>&rdquo; tr&ecirc;n một cửa sổ x&aacute;c nhận nữa, v&agrave; qu&aacute; tr&igrave;nh gỡ c&agrave;i đặt sẽ diễn ra.</p>\n<h2 id=\"mcetoc_1fv9t4q903v6\">Gỡ c&agrave;i đặt ứng dụng bằng Control Panel</h2>\n<p>Hiện tại, Windows 11 vẫn bao gồm giao diện Control Panel kế thừa, mặc d&ugrave; Microsoft đang dần chuyển nhiều chức năng của n&oacute; sang ứng dụng C&agrave;i đặt. Nếu bạn muốn gỡ c&agrave;i đặt một ứng dụng th&ocirc;ng qua Control Panel, trước ti&ecirc;n h&atilde;y mở Control Panel, sau đ&oacute; nhấp v&agrave;o &ldquo;<strong>Uninstall a Program</strong>&rdquo;.</p>\n<p><img class=\"lazy lightbox loaded\" src=\"https://st.quantrimang.com/photos/image/2021/09/04/go-cai-dat-ung-dung-windows-118.jpg\" alt=\"Nhấp v&agrave;o &ldquo;Uninstall a Program&rdquo;\" width=\"650\" height=\"315\" data-src=\"https://st.quantrimang.com/photos/image/2021/09/04/go-cai-dat-ung-dung-windows-118.jpg\" data-i=\"7\" data-was-processed=\"true\" /></p>\n<p>Tr&ecirc;n trang &ldquo;<strong>Programs and Features</strong>&rdquo;, bạn cuộn qua danh s&aacute;ch v&agrave; t&igrave;m ứng dụng m&agrave; m&igrave;nh muốn gỡ c&agrave;i đặt. Khi t&igrave;m thấy, h&atilde;y bấm chọn ứng dụng đ&oacute; v&agrave; nhấp v&agrave;o n&uacute;t &ldquo;<strong>Uninstall</strong>&rdquo; tr&ecirc;n thanh c&ocirc;ng cụ nằm ngay ph&iacute;a tr&ecirc;n danh s&aacute;ch.</p>\n<p><img class=\"lazy lightbox loaded\" src=\"https://st.quantrimang.com/photos/image/2021/09/04/go-cai-dat-ung-dung-windows-119.jpg\" alt=\"Nhấp v&agrave;o n&uacute;t &ldquo;Uninstall&rdquo; tr&ecirc;n thanh c&ocirc;ng cụ \" width=\"650\" height=\"266\" data-src=\"https://st.quantrimang.com/photos/image/2021/09/04/go-cai-dat-ung-dung-windows-119.jpg\" data-i=\"8\" data-was-processed=\"true\" /></p>\n<p>Nhấp v&agrave;o &ldquo;<strong>Yes</strong>&rdquo; khi cửa sổ x&aacute;c nhận bật l&ecirc;n v&agrave; chương tr&igrave;nh sẽ được gỡ c&agrave;i đặt.</p>\n<h2 id=\"mcetoc_1fv9t4q903v7\">C&aacute;ch gỡ ứng dụng kh&ocirc;ng thể gỡ tr&ecirc;n Windows 11</h2>\n<p>Tr&ecirc;n Windows 11, c&oacute; một v&agrave;i ứng dụng bạn muốn gỡ thuộc danh s&aacute;ch kh&ocirc;ng thể gỡ được theo những c&aacute;ch th&ocirc;ng thường. V&iacute; dụ, Microsoft kh&ocirc;ng muốn bạn gỡ c&aacute;c ứng dụng như Windows Maps, Cortana, Alarms, Windows Camera, Your Phone... Tuy nhi&ecirc;n, bạn vẫn c&oacute; c&aacute;ch gỡ ch&uacute;ng m&agrave; kh&ocirc;ng l&agrave;m ảnh hưởng tới hệ điều h&agrave;nh v&agrave; sau đ&oacute; c&oacute; thể c&agrave;i lại bằng Microsoft Store bất cứ khi n&agrave;o bạn cần.</p>\n<p>Lưu &yacute;: Nếu bạn c&agrave;i đặt Windows 11 từ đầu bạn sẽ cần phải cập nhật&nbsp;<a title=\"Windows Package Manager (App Installer)\" href=\"https://quantrimang.com/url?q=aHR0cHM6Ly9nby5za2ltcmVzb3VyY2VzLmNvbS8%2FaWQ9MjcyOFg1OTAyNjAmaXNqcz0xJmp2PTE1LjIuNC1zdGFja3BhdGgmc3JlZj1odHRwcyUzQSUyRiUyRnd3dy5uZW93aW4ubmV0JTJGbmV3cyUyRmd1aWRlLWhvdy10by11bmluc3RhbGwtZGVmYXVsdC13aW5kb3dzLTExLWFwcHMtaGVyZTAzOXMtaG93JTJGJnVybD1odHRwcyUzQSUyRiUyRnd3dy5taWNyb3NvZnQuY29tJTJGc3RvcmUlMkZwcm9kdWN0SWQlMkY5TkJMR0dINE5OUzEmeHM9MSZ4dHo9LTQyMCZ4dXVpZD1iMzNlNzk5MzM5ZmFkNjc3MTM5MWM2Y2M3YjNmYzM5NSZ4Z3VpZD0yOGYyNzgwNmQ4MzYzZTA3ZWI1YmVkMjZjMTk4Yzc0ZiZ4anNmPW90aGVyX2NsaWNrX19hdXhjbGljayUyMCU1QjIlNUQ%3D\" target=\"_blank\" rel=\"nofollow noopener\">Windows Package Manager (App Installer)</a>&nbsp;trước khi tiến h&agrave;nh gỡ ứng dụng kh&ocirc;ng thể gỡ bằng Windows PowerShell.</p>\n<p><strong>Bước 1</strong>: Nhấp chuột phải v&agrave;o n&uacute;t&nbsp;<strong>Start</strong>&nbsp;sau đ&oacute; chọn&nbsp;<strong>Windows PowerShell</strong>. Bạn kh&ocirc;ng cần quyền admin.</p>\n<figure><img class=\"lazy lightbox loaded\" src=\"https://st.quantrimang.com/photos/image/2022/03/29/go-cai-dat-ung-dung-windows-11-11.jpg\" alt=\"Mở Windows PowerShell\" width=\"544\" height=\"812\" data-src=\"https://st.quantrimang.com/photos/image/2022/03/29/go-cai-dat-ung-dung-windows-11-11.jpg\" data-i=\"9\" data-was-processed=\"true\" />\n<figcaption>Mở Windows PowerShell</figcaption>\n</figure>\n<div id=\"articleads\" class=\"adbox adsense in-article\"><ins class=\"adsbygoogle\" data-ad-format=\"fluid\" data-ad-layout=\"in-article\" data-ad-client=\"ca-pub-9275417305531302\" data-ad-slot=\"2079243249\" data-adsbygoogle-status=\"done\"><ins id=\"aswift_7_expand\"><ins id=\"aswift_7_anchor\"></ins></ins></ins></div>\n<p><strong>Bước 2</strong>: Nhập&nbsp;<strong>winget list</strong>&nbsp;v&agrave; nhấn&nbsp;<strong>Enter.</strong>&nbsp;Nếu bạn sử dụng winget lần đầu, bạn cần đồng &yacute; c&aacute;c điều khoản của Microsoft. Nhấn&nbsp;<strong>Y</strong>&nbsp;rồi nhấn&nbsp;<strong>Enter.</strong>&nbsp;Sau đ&oacute;, Windows PowerShell sẽ hiển thị cho bạn danh s&aacute;ch c&aacute;c ứng dụng đang c&agrave;i đặt tr&ecirc;n m&aacute;y của bạn.</p>\n<figure><img class=\"lazy lightbox loaded\" src=\"https://st.quantrimang.com/photos/image/2022/03/29/go-cai-dat-ung-dung-windows-11-12.jpg\" alt=\"Chạy lệnh winget list\" width=\"826\" height=\"441\" data-src=\"https://st.quantrimang.com/photos/image/2022/03/29/go-cai-dat-ung-dung-windows-11-12.jpg\" data-i=\"10\" data-was-processed=\"true\" />\n<figcaption>Chạy lệnh winget list</figcaption>\n</figure>\n<p><strong>Bước 3</strong>: Tất cả những g&igrave; bạn cần đ&oacute; l&agrave; cột đầu ti&ecirc;n với t&ecirc;n gọi \"Name\". Một số ứng dụng trong Start Menu với trong Windows PowerShell được đặt t&ecirc;n kh&aacute;c nhau, v&iacute; dụ&nbsp;<strong>Camera</strong>&nbsp;v&agrave;&nbsp;<strong>Microsoft Camera</strong>&nbsp;hoặc&nbsp;<strong>Weather</strong>&nbsp;v&agrave;&nbsp;<strong>MSN Weather.</strong>&nbsp;Bạn cần viết ra hoặc ghi nhớ t&ecirc;n ứng dụng hiển thị trong Windows PowerShell.</p>\n<p><strong>Bước 4</strong>: Để gỡ c&agrave;i đặt ứng dụng kh&ocirc;ng thể gỡ khỏi Windows 11 nhập c&acirc;u lệnh sau:&nbsp;<strong>winget uninstall app_name&nbsp;</strong>rồi nhấn<strong>&nbsp;Enter.</strong>&nbsp;Thay thế&nbsp;<strong>\"app_name\"</strong>&nbsp;bằng t&ecirc;n ứng dụng tương ứng. V&iacute; dụ:&nbsp;<strong>winget uninstall Cortana.</strong>&nbsp;Lặp lại lệnh&nbsp;<strong>winget uninstall</strong>&nbsp;cho tất cả c&aacute;c ứng dụng m&agrave; bạn muốn gỡ khỏi m&aacute;y t&iacute;nh.</p>\n<figure><img class=\"lazy lightbox loaded\" src=\"https://st.quantrimang.com/photos/image/2022/03/29/go-cai-dat-ung-dung-windows-11-13.jpg\" alt=\"Chạy lệnh winget uninstall\" width=\"855\" height=\"298\" data-src=\"https://st.quantrimang.com/photos/image/2022/03/29/go-cai-dat-ung-dung-windows-11-13.jpg\" data-i=\"11\" data-was-processed=\"true\" />\n<figcaption>Chạy lệnh winget uninstall</figcaption>\n</figure>\n<div class=\"adbox in-article\">\n<div id=\"v-quantrimang-v1-1\">\n<div id=\"_vdo_ads_player_ai_4751\" class=\"vdo_content\">\n<div class=\"vjs-poster\" tabindex=\"-1\" aria-disabled=\"false\">&nbsp;</div>\n</div>\n</div>\n</div>\n<p><strong>Lưu &yacute;</strong>: Nếu ứng dụng bạn muốn gỡ c&oacute; hai từ trong t&ecirc;n, bạn cần đặt t&ecirc;n của ứng dụng v&agrave;o ngoặc k&eacute;p. V&iacute; dụ:&nbsp;<strong>winget uninstall \"Your Phone\"</strong>.</p>\n<p>Ch&uacute;c bạn thực hiện th&agrave;nh c&ocirc;ng!</p>","04042022152437_go-cai-dat-ung-dung-windows-11700-size-300x0-znd.jpg","2022-04-04 15:24:37","0");
INSERT INTO bantin VALUES("13","Lỗ hổng nguy hiểm trên camera Wyze, dòng camera gia đình đang được bán tràn lan tại Việt Nam","19","1","Các nhà nghiên cứu bảo mật tại Bitdefender mới đây đã công bố một số lỗ hổng nghiêm trọng có trong các dòng camera quan sát của Wyze, đang được bán tràn lan tại Việt Nam. Những lỗ hổng có thể bị tin tặc lợi dụng để thực thi mã từ xa và xem video trên thẻ nhớ xem trực tiếp những gì camera quay được.","<p>Điều đ&aacute;ng lưu &yacute; l&agrave; lỗ hổng n&agrave;y đ&atilde; xuất hiện trong c&aacute;c camera hỗ trợ kết nối Internet V1, V2 v&agrave; V3 của Wyze trong suốt 3 năm qua nhưng c&ocirc;ng ty kh&ocirc;ng đưa ra bất kỳ cảnh b&aacute;o n&agrave;o cho người d&ugrave;ng cũng như chậm chạp trong việc khắc phục.</p>\n<p>V&agrave;o ng&agrave;y 1/4 vừa qua, đại diện Wyze đ&atilde; đưa ra phản hồi về vấn đề n&agrave;y. C&ocirc;ng ty cho biết lu&ocirc;n quan t&acirc;m đến quyền ri&ecirc;ng tư v&agrave; bảo mật của người d&ugrave;ng, đồng thời th&ocirc;ng b&aacute;o rằng c&aacute;c thiết bị gặp sự cố hiện đ&atilde; c&oacute; bản v&aacute;.</p>\n<p>Wyze đ&atilde; v&aacute; lỗ hổng li&ecirc;n quan đến việc truy cập thẻ nhớ từ xa, nhưng chỉ c&oacute; sẵn cho d&ograve;ng V2 v&agrave; V3. C&ograve;n d&ograve;ng V1 đ&atilde; kh&ocirc;ng c&ograve;n được hỗ trợ n&ecirc;n người d&ugrave;ng camera V1 của Wyze vẫn c&oacute; nguy cơ bị tấn c&ocirc;ng.</p>\n<h2>L&agrave;m sao để sử dụng camera gi&aacute;m s&aacute;t được an to&agrave;n?</h2>\n<p>Camera gi&aacute;m s&aacute;t đang ng&agrave;y c&agrave;ng phổ biến trong c&aacute;c gia đ&igrave;nh tại Việt Nam. Tuy nhi&ecirc;n, &iacute;t người biết rằng, ng&agrave;y c&agrave;ng c&oacute; nhiều lỗ hổng tr&ecirc;n hệ thống camera an ninh gi&uacute;p tội phạm c&oacute; thể khai th&aacute;c c&aacute;c th&ocirc;ng tin ri&ecirc;ng tư của kh&aacute;ch h&agrave;ng để tấn c&ocirc;ng c&aacute;c nạn nh&acirc;n. V&igrave; vậy, để sử dụng camera gi&aacute;m s&aacute;t được an to&agrave;n, người d&ugrave;ng n&ecirc;n lưu &yacute; một số điều sau:</p>\n<ul>\n<li>C&agrave;i đặt mật khẩu, thiết lập camera sau khi lắp đặt.</li>\n<li>Tuyệt đối bảo mật t&agrave;i khoản quản trị hệ thống camera.</li>\n<li>Kh&ocirc;ng n&ecirc;n đặt camera ở những nơi thường diễn ra t&igrave;nh huống \"nhạy cảm\".</li>\n<li>N&ecirc;n chọn c&aacute;c thương hiệu uy t&iacute;n.</li>\n</ul>\n<p>H&atilde;y trở th&agrave;nh người ti&ecirc;u d&ugrave;ng th&ocirc;ng th&aacute;i để đảm bảo an to&agrave;n cho bản th&acirc;n v&agrave; gia đ&igrave;nh.</p>","05042022205909_camera-an-ninh-700.jpg","2022-04-05 20:59:09","0");
INSERT INTO bantin VALUES("14","Top đội hình DTCL 6.5, đội hình mạnh DTCL 12.6B","17","1","Sau phiên bản DTCL 12.6. khi đã có một loạt tướng được giảm STVL thì ở phiên bản DTCL 12.6B lại có thêm một chút thay đổi khi một loạt hệ tộc đang được xuất hiện nhiều trong meta game sẽ phải giảm bớt đi sự xuất hiện của các hệ tộc này.","<p>Trong danh s&aacute;ch đội h&igrave;nh mạnh Đấu Trường Ch&acirc;n L&yacute; ở dưới đ&acirc;y, c&oacute; những đội h&igrave;nh sẽ sử dụng Slowroll v&agrave; Hyperroll, đ&acirc;y l&agrave; hai kiểu chiến thuật thường được game thủ sử dụng để l&ecirc;n sao cho những tướng gi&aacute; thấp. Nếu chưa biết th&ocirc;ng tin về hai kiểu chơi n&agrave;y, bạn h&atilde;y xem qua ở b&agrave;i viết&nbsp;<a title=\"Hyperroll l&agrave; g&igrave;? Slowroll l&agrave; g&igrave;? Rush 8 l&agrave; g&igrave; trong DTCL\" href=\"https://quantrimang.com/hyperroll-la-gi-slowroll-la-gi-rush-8-la-gi-trong-dtcl-172668#mcetoc_1eau9ksro6\">Hyperroll l&agrave; g&igrave;? Slowroll l&agrave; g&igrave;? Rush 8 l&agrave; g&igrave; trong DTCL</a>.</p>\n<div class=\"adbox in-article\">\n<div id=\"v-quantrimang-v1-0\"></div>\n</div>\n<h2 id=\"mcetoc_1fs2r9l9m6ns\">Đội h&igrave;nh mạnh DTCL 12.6B bậc S (mạnh nhất hiện tại)</h2>\n<h2 id=\"mcetoc_1frrm02tf1e0j\"><img class=\"lazy lightbox loaded\" src=\"https://st.quantrimang.com/photos/image/2022/02/14/Doi-hinh-dtcl-6-5-1000.jpg\" alt=\"doi hinh dtcl 6.5\" width=\"640\" height=\"367\" data-src=\"https://st.quantrimang.com/photos/image/2022/02/14/Doi-hinh-dtcl-6-5-1000.jpg\" data-i=\"1\" data-was-processed=\"true\" /></h2>\n<h2 id=\"mcetoc_1frrm02tf1e0n\">Sivir C&ocirc;ng Nghệ - Bậc S</h2>\n<p>Cấp độ build - Dễ</p>\n<p><img class=\"lazy lightbox loaded\" src=\"https://st.quantrimang.com/photos/image/2022/02/14/Doi-hinh-dtcl-6-5-16.jpg\" alt=\"doi hinh dtcl 6.5\" width=\"640\" height=\"287\" data-src=\"https://st.quantrimang.com/photos/image/2022/02/14/Doi-hinh-dtcl-6-5-16.jpg\" data-i=\"2\" data-was-processed=\"true\" /></p>\n<ul>\n<li><strong>Đội h&igrave;nh level 8:</strong>&nbsp;Alistar, Sejuani, Vi, Swain, Jarvan, Lucian, Sivir</li>\n<li><strong>Tổng buff:</strong>&nbsp;6 C&ocirc;ng Nghệ, 2 Cảnh Binh, 2 Đấu Sĩ, 2 Tiến C&ocirc;ng, 1 Đối Thủ</li>\n</ul>\n<p><strong>N&acirc;ng cấp c&ocirc;ng nghệ:</strong></p>\n<ul>\n<li><strong>Hexnova:</strong>&nbsp;Lần đầu ti&ecirc;n một tướng C&ocirc;ng Nghệ giảm xuống dưới 60% m&aacute;u, ch&uacute;ng sẽ tăng 50% Năng lượng tối đa của kẻ địch xung quanh cho đến khi ch&uacute;ng cast chi&ecirc;u, nhận một Nocturne.</li>\n<li><strong>Stored Power:</strong>&nbsp;C&aacute;c tướng C&ocirc;ng Nghệ nhận 1 SMPT vĩnh viễn mỗi khi bị xung của L&otilde;i C&ocirc;ng Nghệ đ&aacute;nh tr&uacute;ng, nhận một Swain.</li>\n<li><strong>Vương Miện Hextech:</strong>&nbsp;Nhận 2 Ấn C&ocirc;ng Nghệ.</li>\n</ul>\n<p><img class=\"lazy lightbox loaded\" src=\"https://st.quantrimang.com/photos/image/2022/02/14/Doi-hinh-dtcl-6-5-17.jpg\" alt=\"doi hinh dtcl 6.5\" width=\"474\" height=\"323\" data-src=\"https://st.quantrimang.com/photos/image/2022/02/14/Doi-hinh-dtcl-6-5-17.jpg\" data-i=\"3\" data-was-processed=\"true\" /></p>\n<p><strong>M&ocirc; tả đội h&igrave;nh Sivir C&ocirc;ng Nghệ:</strong></p>\n<ul>\n<li>Đội h&igrave;nh n&agrave;y sử dụng Sivir l&agrave;m carry ch&iacute;nh v&agrave; chăm ch&uacute;t cho c&aacute;c tướng C&ocirc;ng Nghệ. Tướng duy nhất kh&ocirc;ng phải l&agrave; tướng C&ocirc;ng Nghệ trong đội h&igrave;nh n&agrave;y l&agrave; Vi.</li>\n</ul>\n<p><strong>Bắt đầu khi n&agrave;o:</strong></p>\n<ul>\n<li>H&atilde;y bắt đầu đội h&igrave;nh n&agrave;y nếu bạn c&oacute; những m&oacute;n h&agrave;ng tốt cho Sivir v&agrave; c&oacute; một khởi đầu thuận lợi với c&aacute;c tướng C&ocirc;ng Nghệ.</li>\n</ul>","05042022212439_Doi-hinh-dtcl-6-5-500.jpg","2022-04-05 21:24:39","0");
INSERT INTO bantin VALUES("15","Cách ghi file ISO image vào USB bằng Etcher","13","1","Nếu bạn cần cài đặt hệ điều hành từ USB, trước tiên bạn cần sao chép file ISO image vào thiết bị này. Nhưng chỉ sao chép theo cách thông thường là không đủ. Bạn cần file ISO để có thể boot và một phần mềm ghi file ISO chuyên dụng sẽ giúp bạn thực hiện việc này.","<p>Được ph&aacute;t triển bởi Balena, Etcher hiện c&oacute; sẵn miễn ph&iacute; cho macOS, Windows (c&agrave;i đặt v&agrave; portable) v&agrave; Linux (AppImage 32-bit v&agrave; 64-bit).</p>\n<p>Chỉ cần nhấp v&agrave;o n&uacute;t&nbsp;<strong>Download.</strong>&nbsp;Trang web sẽ ph&aacute;t hiện hệ điều h&agrave;nh của bạn v&agrave; đảm bảo bạn tải đ&uacute;ng phi&ecirc;n bản.</p>\n<p>Tr&ecirc;n Windows v&agrave; macOS, bạn sẽ cần c&agrave;i đặt Etcher. Đối với người d&ugrave;ng Linux c&oacute; hệ thống chấp nhận file AppImage, bạn c&oacute; thể chỉ cần nhấp đ&uacute;p v&agrave;o file đ&atilde; tải xuống v&agrave; Etcher sẽ chạy.</p>\n<div class=\"adbox in-article\">\n<div id=\"v-quantrimang-v1-0\">\n<div id=\"_vdo_ads_player_ai_4751\" class=\"vdo_floating\">\n<div id=\"cross_div\"></div>\n<div class=\"vjs-poster\" tabindex=\"-1\" aria-disabled=\"false\">&nbsp;</div>\n<div class=\"vjs-text-track-display\" aria-live=\"off\" aria-atomic=\"true\">\n<div>&nbsp;</div>\n</div>\n<div id=\"vdo_ai_4405_ima-ad-container\" class=\"vdo_ai_4405_ima-ad-container ima-ad-container\">\n<div>&nbsp;</div>\n<div id=\"vdo_ai_4405_ima-controls-div\" class=\"vdo_ai_4405_ima-controls-div ima-controls-div\">\n<div id=\"vdo_ai_4405_ima-seek-bar-div\" class=\"vdo_ai_4405_ima-seek-bar-div ima-seek-bar-div\">\n<div id=\"vdo_ai_4405_ima-progress-div\" class=\"vdo_ai_4405_ima-progress-div ima-progress-div\"></div>\n</div>\n<div id=\"vdo_ai_4405_ima-play-pause-div\" class=\"vdo_ai_4405_ima-play-pause-div ima-play-pause-div ima-playing ima-playing\"></div>\n<div id=\"vdo_ai_4405_ima-mute-div\" class=\"vdo_ai_4405_ima-mute-div ima-mute-div ima-muted ima-muted\"></div>\n<div id=\"vdo_ai_4405_ima-fullscreen-div\" class=\"vdo_ai_4405_ima-fullscreen-div ima-fullscreen-div ima-non-fullscreen\"></div>\n</div>\n</div>\n</div>\n</div>\n</div>\n<h2>Flash file ISO sang USB hoặc thẻ nhớ SD với Etcher</h2>\n<p>Để tạo USB hoặc thẻ SD boot từ file ISO m&agrave; bạn đ&atilde; tải xuống m&aacute;y t&iacute;nh của m&igrave;nh:</p>\n<p>1. Kết nối USB hoặc lắp thẻ SD v&agrave;o đầu đọc thẻ</p>\n<p>2. Khởi chạy Etcher</p>\n<p>3. Nhấp v&agrave;o&nbsp;<strong>Flash from file</strong></p>\n<p>4. Duyệt qua m&aacute;y t&iacute;nh của bạn để t&igrave;m file ISO đ&atilde; tải xuống</p>\n<p>5. Với file đ&atilde; chọn, bấm&nbsp;<strong>OK</strong></p>\n<p>6. Tiếp theo, nhấp v&agrave;o&nbsp;<strong>Select target.</strong></p>\n<figure>\n<div class=\"adszone adstopimage adsviewed\" data-bid=\"9701\" data-zid=\"421\">\n<div class=\"adswrapper\">&nbsp;</div>\n</div>\n<img class=\"lazy lightbox loaded\" src=\"https://st.quantrimang.com/photos/image/2022/04/05/ghi-file-iso-image-vao-usb-bang-etcher-1.jpg\" alt=\"Nhấp v&agrave;o Select target\" width=\"650\" height=\"389\" data-src=\"https://st.quantrimang.com/photos/image/2022/04/05/ghi-file-iso-image-vao-usb-bang-etcher-1.jpg\" data-i=\"0\" data-inimage-loaded=\"true\" data-was-processed=\"true\" />\n<figcaption>Nhấp v&agrave;o Select target</figcaption>\n</figure>\n<div id=\"articleads2\" class=\"adbox in-article adsense\"></div>\n<p>7. T&igrave;m USB hoặc thẻ SD</p>\n<p>8. Bấm&nbsp;<strong>OK</strong></p>\n<p>9. Nhấp v&agrave;o&nbsp;<strong>Flash</strong></p>\n<figure><img class=\"lazy lightbox loaded\" src=\"https://st.quantrimang.com/photos/image/2022/04/05/ghi-file-iso-image-vao-usb-bang-etcher-2.jpg\" alt=\"Nhấp v&agrave;o Flash\" width=\"650\" height=\"389\" data-src=\"https://st.quantrimang.com/photos/image/2022/04/05/ghi-file-iso-image-vao-usb-bang-etcher-2.jpg\" data-i=\"1\" data-was-processed=\"true\" />\n<figcaption>Nhấp v&agrave;o Flash</figcaption>\n</figure>\n<p>Sau đ&oacute;, Etcher sẽ tiến h&agrave;nh ghi file ISO v&agrave;o phương tiện đ&atilde; chọn. Chờ đến khi qu&aacute; tr&igrave;nh n&agrave;y ho&agrave;n tất, v&igrave; sẽ c&oacute; một giai đoạn x&aacute;c minh.</p>\n<div id=\"articleads3\" class=\"adbox in-article\"></div>\n<p>Ứng dụng sẽ th&ocirc;ng b&aacute;o cho bạn khi qu&aacute; tr&igrave;nh ho&agrave;n tất. Chỉ khi đ&oacute;, bạn mới n&ecirc;n r&uacute;t USB hoặc thẻ SD ra.</p>\n<h2>C&aacute;ch ghi file ISO v&agrave;o USB từ Internet với Etcher</h2>\n<p>Đ&ocirc;i khi, bạn sẽ kh&ocirc;ng c&oacute; sẵn file ISO tr&ecirc;n m&aacute;y t&iacute;nh của m&igrave;nh. Thay v&agrave;o đ&oacute;, n&oacute; sẽ c&oacute; sẵn dưới dạng file c&oacute; thể tải xuống.</p>\n<p>Thay v&igrave; tải file xuống m&aacute;y t&iacute;nh trước, bạn c&oacute; thể hướng dẫn Etcher lấy file trực tiếp từ Internet v&agrave; ghi v&agrave;o USB hoặc thẻ SD.</p>\n<p>1. Mở trang web cung cấp URL của file ISO tr&ecirc;n tr&igrave;nh duyệt.</p>\n<p>2. Kết nối USB hoặc lắp thẻ SD v&agrave;o đầu đọc thẻ.</p>\n<p>3. Khởi chạy Etcher.</p>\n<p>4. Nhấp v&agrave;o&nbsp;<strong>Flash from URL</strong>.</p>\n<figure><img class=\"lazy lightbox loaded\" src=\"https://st.quantrimang.com/photos/image/2022/04/05/ghi-file-iso-image-vao-usb-bang-etcher-3.jpg\" alt=\"Nhấp v&agrave;o Flash from URL\" width=\"650\" height=\"412\" data-src=\"https://st.quantrimang.com/photos/image/2022/04/05/ghi-file-iso-image-vao-usb-bang-etcher-3.jpg\" data-i=\"2\" data-was-processed=\"true\" />\n<figcaption>Nhấp v&agrave;o Flash from URL</figcaption>\n</figure>\n<p>5. Sao ch&eacute;p URL của file v&agrave;o trường&nbsp;<strong>Enter valid URL</strong>.</p>\n<p>6. Nếu th&ocirc;ng tin đăng nhập l&agrave; bắt buộc, h&atilde;y nhấp v&agrave;o&nbsp;<strong>Authentication</strong>, rồi nhập t&ecirc;n người d&ugrave;ng v&agrave; mật khẩu</p>\n<p>7. Bấm&nbsp;<strong>OK</strong></p>\n<p>8. Nhấp v&agrave;o&nbsp;<strong>Select target</strong></p>\n<p>9. Duyệt qua USB hoặc thẻ SD</p>\n<p>10. Nhấp v&agrave;o&nbsp;<strong>OK</strong>, sau đ&oacute; nhấp v&agrave;o&nbsp;<strong>Flash</strong></p>\n<p>Chờ cho đến khi qu&aacute; tr&igrave;nh ho&agrave;n tất mới r&uacute;t USB hoặc thẻ SD ra.</p>\n<p>Nếu muốn biết c&aacute;ch tốt nhất để ghi file ISO v&agrave;o USB hoặc thẻ SD, xin ch&uacute;c mừng, bạn đ&atilde; t&igrave;m thấy thứ m&igrave;nh cần. Etcher l&agrave;m cho qu&aacute; tr&igrave;nh trở n&ecirc;n đơn giản v&agrave; dễ d&agrave;ng (trong hầu hết c&aacute;c trường hợp, chỉ cần 5 lần nhấp chuột).</p>\n<p>Với khả năng flash từ file đ&atilde; tải xuống hoặc file trực tuyến, Etcher l&agrave; loại ứng dụng m&agrave; mọi người n&ecirc;n c&oacute;. Bạn c&oacute; thể kh&ocirc;ng sử dụng n&oacute; thường xuy&ecirc;n, nhưng khi cần, Etcher sẽ thực hiện ch&iacute;nh x&aacute;c những g&igrave; bạn mong muốn.</p>\n<p>Tuy nhi&ecirc;n, Etcher sẽ kh&ocirc;ng cho ph&eacute;p bạn mount hoặc duyệt disk image ISO. Nhưng đ&oacute; kh&ocirc;ng phải l&agrave; một vấn đề, v&igrave; hệ điều h&agrave;nh sẽ l&agrave;m điều đ&oacute; cho bạn.</p>","05042022212856_ghi-file-iso-image-vao-usb-bang-etcher-size-300x0-znd.jpg","2022-04-05 21:28:56","0");
INSERT INTO bantin VALUES("16","Đây là ứng dụng độc hại nghe lén người dùng, hãy kiểm tra điện thoại và gỡ ngay","19","1","Các nhà nghiên cứu tại Lab52 đã phát hiện phần mềm độc hại Process Manager có khả năng ghi lại âm thanh, theo dõi vị trí của người dùng.","<p>Theo Lab52, m&atilde; độc n&agrave;y trước đ&oacute; c&oacute; li&ecirc;n kết với Turla, nh&oacute;m hacker nổi tiếng được cho l&agrave; được nh&agrave; nước Nga hỗ trợ. Nh&oacute;m n&agrave;y chuy&ecirc;n sử dụng phần mềm độc hại t&ugrave;y chỉnh để nhắm mục ti&ecirc;u v&agrave;o c&aacute;c hệ thống của ch&acirc;u &Acirc;u v&agrave; Mỹ, chủ yếu l&agrave; c&aacute;c hoạt động gi&aacute;n điệp.</p>\n<figure>\n<div class=\"adszone adstopimage adsviewed\" data-bid=\"9711\" data-zid=\"421\">\n<div class=\"adswrapper\">&nbsp;</div>\n</div>\n<img class=\"lazy loaded lightbox\" src=\"https://st.quantrimang.com/photos/image/2022/04/06/ung-dung-doc-hai-1.jpg\" alt=\"Phần mềm độc hại chạy nền tr&ecirc;n điện thoại. Ảnh: Lab52.\" width=\"620\" height=\"343\" data-src=\"https://st.quantrimang.com/photos/image/2022/04/06/ung-dung-doc-hai-1.jpg\" data-was-processed=\"true\" data-i=\"0\" data-inimage-loaded=\"true\" />\n<figcaption>Phần mềm độc hại chạy nền tr&ecirc;n điện thoại. Ảnh: Lab52.</figcaption>\n</figure>\n<div class=\"adbox in-article\">\n<div id=\"v-quantrimang-v1-0\">\n<div id=\"_vdo_ads_player_ai_4751\" class=\"vdo_content\">\n<div class=\"vjs-poster\" tabindex=\"-1\" aria-disabled=\"false\">&nbsp;</div>\n<div class=\"vjs-text-track-display\" aria-live=\"off\" aria-atomic=\"true\">\n<div>&nbsp;</div>\n</div>\n<div id=\"vdo_ai_2024_ima-ad-container\" class=\"vdo_ai_2024_ima-ad-container ima-ad-container\">\n<div>&nbsp;</div>\n<div id=\"vdo_ai_2024_ima-controls-div\" class=\"vdo_ai_2024_ima-controls-div ima-controls-div\">\n<div id=\"vdo_ai_2024_ima-seek-bar-div\" class=\"vdo_ai_2024_ima-seek-bar-div ima-seek-bar-div\">\n<div id=\"vdo_ai_2024_ima-progress-div\" class=\"vdo_ai_2024_ima-progress-div ima-progress-div\"></div>\n</div>\n<div id=\"vdo_ai_2024_ima-play-pause-div\" class=\"vdo_ai_2024_ima-play-pause-div ima-play-pause-div ima-playing ima-playing\"></div>\n<div id=\"vdo_ai_2024_ima-mute-div\" class=\"vdo_ai_2024_ima-mute-div ima-mute-div ima-muted ima-muted\"></div>\n<div id=\"vdo_ai_2024_ima-fullscreen-div\" class=\"vdo_ai_2024_ima-fullscreen-div ima-fullscreen-div ima-non-fullscreen\"></div>\n</div>\n</div>\n</div>\n</div>\n</div>\n<figure><img class=\"lazy lightbox loaded\" src=\"https://st.quantrimang.com/photos/image/2022/04/06/ung-dung-doc-hai-2.jpg\" alt=\"Sau được c&agrave;i đặt v&agrave; cấp quyền hệ thống, ứng dụng sẽ đ&aacute;nh cắp dữ liệu của nạn nh&acirc;n, nghe l&eacute;n v&agrave; theo d&otilde;i vị tr&iacute; của người d&ugrave;ng.\" width=\"620\" height=\"193\" data-src=\"https://st.quantrimang.com/photos/image/2022/04/06/ung-dung-doc-hai-2.jpg\" data-i=\"1\" data-was-processed=\"true\" />\n<figcaption>Sau được c&agrave;i đặt v&agrave; cấp quyền hệ thống, ứng dụng sẽ đ&aacute;nh cắp dữ liệu của nạn nh&acirc;n, nghe l&eacute;n v&agrave; theo d&otilde;i vị tr&iacute; của người d&ugrave;ng.</figcaption>\n</figure>\n<p>Trong lần khởi chạy đầu ti&ecirc;n, ứng dụng độc hại n&agrave;y sẽ đ&ograve;i quyền truy cập v&agrave;o vị tr&iacute;, trạng th&aacute;i mạng, m&aacute;y ảnh, danh bạ, bộ nhớ ngo&agrave;i, nhật k&yacute; cuộc gọi,&nbsp;Foreground service, tin nhắn, ghi &acirc;m... để&nbsp;thu thập vị tr&iacute; của thiết bị, gửi v&agrave; đọc văn bản, truy cập bộ nhớ, chụp ảnh/quay phim bằng camera v&agrave; ghi &acirc;m.</p>\n<div id=\"articleads2\" class=\"adbox in-article adsense\"></div>\n<p>Sau khi được cấp quyền c&aacute;c quyền tr&ecirc;n, phần mềm gi&aacute;n điệp n&agrave;y sẽ x&oacute;a biểu tượng khỏi m&agrave;n h&igrave;nh v&agrave; &acirc;m thầm chạy trong nền khiến người d&ugrave;ng rất kh&oacute; ph&aacute;t hiện.</p>\n<figure><img class=\"lazy lightbox loaded\" src=\"https://st.quantrimang.com/photos/image/2022/04/06/ung-dung-doc-hai-3.jpg\" alt=\"Phần mềm độc hại n&agrave;y được ph&aacute;t hiện ẩn giấu trong ứng dụng Roz Dhan: Earn Wallet cash tr&ecirc;n Google Play Store.\" width=\"620\" height=\"485\" data-src=\"https://st.quantrimang.com/photos/image/2022/04/06/ung-dung-doc-hai-3.jpg\" data-i=\"2\" data-was-processed=\"true\" />\n<figcaption>Phần mềm độc hại n&agrave;y được ph&aacute;t hiện ẩn giấu trong ứng dụng Roz Dhan: Earn Wallet cash tr&ecirc;n Google Play Store.</figcaption>\n</figure>\n<div id=\"articleads3\" class=\"adbox in-article\"></div>\n<p>Nếu đ&atilde; lỡ c&agrave;i đặt, người d&ugrave;ng h&atilde;y gỡ bỏ ngay ứng dụng n&agrave;y bằng c&aacute;ch truy cập v&agrave;o Settings (C&agrave;i đặt) -&gt; Apps (Ứng dụng) -&gt; Manage apps (Quản l&yacute; ứng dụng), t&igrave;m t&ecirc;n ứng dụng độc hại -&gt; nhấn Uninstall (Gỡ c&agrave;i đặt).</p>","06042022112748_ung-dung-doc-hai-700-size-696x364-znd.jpg","2022-04-06 11:27:48","19");
INSERT INTO bantin VALUES("17","Đây là ứng dụng độc hại nghe lén người dùng, hãy kiểm tra điện thoại và gỡ ngay","19","1","Các nhà nghiên cứu tại Lab52 đã phát hiện phần mềm độc hại Process Manager có khả năng ghi lại âm thanh, theo dõi vị trí của người dùng.","<p>Theo Lab52, m&atilde; độc n&agrave;y trước đ&oacute; c&oacute; li&ecirc;n kết với Turla, nh&oacute;m hacker nổi tiếng được cho l&agrave; được nh&agrave; nước Nga hỗ trợ. Nh&oacute;m n&agrave;y chuy&ecirc;n sử dụng phần mềm độc hại t&ugrave;y chỉnh để nhắm mục ti&ecirc;u v&agrave;o c&aacute;c hệ thống của ch&acirc;u &Acirc;u v&agrave; Mỹ, chủ yếu l&agrave; c&aacute;c hoạt động gi&aacute;n điệp.</p>\n<figure>\n<div class=\"adszone adstopimage adsviewed\" data-bid=\"9711\" data-zid=\"421\">\n<div class=\"adswrapper\">&nbsp;</div>\n</div>\n<img class=\"lazy loaded lightbox\" src=\"https://st.quantrimang.com/photos/image/2022/04/06/ung-dung-doc-hai-1.jpg\" alt=\"Phần mềm độc hại chạy nền tr&ecirc;n điện thoại. Ảnh: Lab52.\" width=\"620\" height=\"343\" data-src=\"https://st.quantrimang.com/photos/image/2022/04/06/ung-dung-doc-hai-1.jpg\" data-was-processed=\"true\" data-i=\"0\" data-inimage-loaded=\"true\" />\n<figcaption>Phần mềm độc hại chạy nền tr&ecirc;n điện thoại. Ảnh: Lab52.</figcaption>\n</figure>\n<div class=\"adbox in-article\">\n<div id=\"v-quantrimang-v1-0\">\n<div id=\"_vdo_ads_player_ai_4751\" class=\"vdo_content\">\n<div class=\"vjs-poster\" tabindex=\"-1\" aria-disabled=\"false\">&nbsp;</div>\n<div class=\"vjs-text-track-display\" aria-live=\"off\" aria-atomic=\"true\">\n<div>&nbsp;</div>\n</div>\n<div id=\"vdo_ai_2024_ima-ad-container\" class=\"vdo_ai_2024_ima-ad-container ima-ad-container\">\n<div>&nbsp;</div>\n<div id=\"vdo_ai_2024_ima-controls-div\" class=\"vdo_ai_2024_ima-controls-div ima-controls-div\">\n<div id=\"vdo_ai_2024_ima-seek-bar-div\" class=\"vdo_ai_2024_ima-seek-bar-div ima-seek-bar-div\">\n<div id=\"vdo_ai_2024_ima-progress-div\" class=\"vdo_ai_2024_ima-progress-div ima-progress-div\"></div>\n</div>\n<div id=\"vdo_ai_2024_ima-play-pause-div\" class=\"vdo_ai_2024_ima-play-pause-div ima-play-pause-div ima-playing ima-playing\"></div>\n<div id=\"vdo_ai_2024_ima-mute-div\" class=\"vdo_ai_2024_ima-mute-div ima-mute-div ima-muted ima-muted\"></div>\n<div id=\"vdo_ai_2024_ima-fullscreen-div\" class=\"vdo_ai_2024_ima-fullscreen-div ima-fullscreen-div ima-non-fullscreen\"></div>\n</div>\n</div>\n</div>\n</div>\n</div>\n<figure><img class=\"lazy lightbox loaded\" src=\"https://st.quantrimang.com/photos/image/2022/04/06/ung-dung-doc-hai-2.jpg\" alt=\"Sau được c&agrave;i đặt v&agrave; cấp quyền hệ thống, ứng dụng sẽ đ&aacute;nh cắp dữ liệu của nạn nh&acirc;n, nghe l&eacute;n v&agrave; theo d&otilde;i vị tr&iacute; của người d&ugrave;ng.\" width=\"620\" height=\"193\" data-src=\"https://st.quantrimang.com/photos/image/2022/04/06/ung-dung-doc-hai-2.jpg\" data-i=\"1\" data-was-processed=\"true\" />\n<figcaption>Sau được c&agrave;i đặt v&agrave; cấp quyền hệ thống, ứng dụng sẽ đ&aacute;nh cắp dữ liệu của nạn nh&acirc;n, nghe l&eacute;n v&agrave; theo d&otilde;i vị tr&iacute; của người d&ugrave;ng.</figcaption>\n</figure>\n<p>Trong lần khởi chạy đầu ti&ecirc;n, ứng dụng độc hại n&agrave;y sẽ đ&ograve;i quyền truy cập v&agrave;o vị tr&iacute;, trạng th&aacute;i mạng, m&aacute;y ảnh, danh bạ, bộ nhớ ngo&agrave;i, nhật k&yacute; cuộc gọi,&nbsp;Foreground service, tin nhắn, ghi &acirc;m... để&nbsp;thu thập vị tr&iacute; của thiết bị, gửi v&agrave; đọc văn bản, truy cập bộ nhớ, chụp ảnh/quay phim bằng camera v&agrave; ghi &acirc;m.</p>\n<div id=\"articleads2\" class=\"adbox in-article adsense\"></div>\n<p>Sau khi được cấp quyền c&aacute;c quyền tr&ecirc;n, phần mềm gi&aacute;n điệp n&agrave;y sẽ x&oacute;a biểu tượng khỏi m&agrave;n h&igrave;nh v&agrave; &acirc;m thầm chạy trong nền khiến người d&ugrave;ng rất kh&oacute; ph&aacute;t hiện.</p>\n<figure><img class=\"lazy lightbox loaded\" src=\"https://st.quantrimang.com/photos/image/2022/04/06/ung-dung-doc-hai-3.jpg\" alt=\"Phần mềm độc hại n&agrave;y được ph&aacute;t hiện ẩn giấu trong ứng dụng Roz Dhan: Earn Wallet cash tr&ecirc;n Google Play Store.\" width=\"620\" height=\"485\" data-src=\"https://st.quantrimang.com/photos/image/2022/04/06/ung-dung-doc-hai-3.jpg\" data-i=\"2\" data-was-processed=\"true\" />\n<figcaption>Phần mềm độc hại n&agrave;y được ph&aacute;t hiện ẩn giấu trong ứng dụng Roz Dhan: Earn Wallet cash tr&ecirc;n Google Play Store.</figcaption>\n</figure>\n<div id=\"articleads3\" class=\"adbox in-article\"></div>\n<p>Nếu đ&atilde; lỡ c&agrave;i đặt, người d&ugrave;ng h&atilde;y gỡ bỏ ngay ứng dụng n&agrave;y bằng c&aacute;ch truy cập v&agrave;o Settings (C&agrave;i đặt) -&gt; Apps (Ứng dụng) -&gt; Manage apps (Quản l&yacute; ứng dụng), t&igrave;m t&ecirc;n ứng dụng độc hại -&gt; nhấn Uninstall (Gỡ c&agrave;i đặt).</p>","06042022112825_ung-dung-doc-hai-700-size-696x364-znd.jpg","2022-04-06 11:28:25","19");
INSERT INTO bantin VALUES("18","<script language=\"javascript\">alert(\"Hacker.\")</script>","1","1","<script language=\"javascript\">alert(\"Ta là Hacker.\")</script>","<p>&lt;script language=\"javascript\"&gt;alert(\"Hacker Ch&iacute;nh L&agrave; Ta.\")&lt;/script&gt;</p>","07042022142509_download.jpg","2022-04-07 14:25:09","19");
INSERT INTO bantin VALUES("19","<script language=\"javascript\">alert(\"Hacker.\")</script>","1","1","<script language=\"javascript\">alert(\"Ta là Hacker.\")</script>","<p>&lt;script language=\"javascript\"&gt;alert(\"Hacker Ch&iacute;nh L&agrave; Ta.\")&lt;/script&gt;</p>","07042022142911_download.jpg","2022-04-07 14:29:11","19");
INSERT INTO bantin VALUES("20","<script language=\"javascript\">alert(\"Hacker.\")</script>","19","1","<script language=\"javascript\">alert(\"Ta là Hacker Đây.\")</script>","<p>&aacute;dasdasdasdasasd&nbsp;</p>","08042022204805_Solid_white.svg.png","2022-04-08 20:48:05","4");
INSERT INTO bantin VALUES("21","Thể thao thế giới vui vẽ","4","1","Thể thao thế giới vui vẽThể thao thế giới vui vẽ","<p>Thể thao thế giới vui vẽThể thao thế giới vui vẽThể thao thế giới vui vẽThể thao thế giới vui vẽThể thao thế giới vui vẽ</p>","08042022212557_nhung-meo-giup-ban-chup-anh-the-thao-dep-BinhMinhDigital1.jpg","2022-04-08 21:25:57","4");
INSERT INTO bantin VALUES("22","Sony đầu tư 1 tỷ đô la vào phát triển Metaverse của Epic Games","17","1","Epic Game đã thông báo rằng họ đã nhận được khoản đầu tư 2 tỷ đô la vào lĩnh vực phát triển metaverse của mình, một nửa trong số đó đến từ Sony.","<p><span style=\"background-color: #ffffff;\"><a style=\"background-color: #ffffff;\" href=\"https://www.epicgames.com/site/en-US/news/sony-and-kirkbi-invest-in-epic-games-to-build-the-future-of-digital-entertainment\" target=\"_blank\" rel=\"noopener\">Theo một th&ocirc;ng c&aacute;o b&aacute;o ch&iacute;</a>&nbsp;, nh&agrave; sản xuất PlayStation, vốn&nbsp;<a style=\"background-color: #ffffff;\" href=\"https://www.gameinformer.com/2020/07/09/sony-invests-250-million-in-epic-games\" target=\"_blank\" rel=\"noopener\">c&oacute; lợi &iacute;ch thiểu số trong Epic</a>&nbsp;, đ&atilde; n&eacute;m 1 tỷ đ&ocirc; la v&agrave;o nh&agrave; ph&aacute;t triển Unreal v&agrave; Fortnite để tạo ra &ldquo;giải tr&iacute; x&atilde; hội mới kh&aacute;m ph&aacute; sự kết nối giữa thế giới kỹ thuật số v&agrave; vật l&yacute;&rdquo;&nbsp;. Tỷ lệ c&ograve;n lại đến từ c&ocirc;ng ty cổ phần đầu tư Kirkbi, chủ sở hữu phần lớn của The Lego Group. Tuần trước, Epic đ&atilde; c&ocirc;ng bố hợp t&aacute;c với Lego để ph&aacute;t triển một si&ecirc;u thị&nbsp;<a style=\"background-color: #ffffff;\" href=\"https://www.gameinformer.com/2022/04/07/lego-and-epic-games-begin-partnership-to-make-the-metaverse-safe-and-fun-for-children\" target=\"_blank\" rel=\"noopener\">ph&ugrave; hợp với gia đ&igrave;nh, nhắm mục ti&ecirc;u đến trẻ em</a>&nbsp;. Th&ocirc;ng c&aacute;o b&aacute;o ch&iacute; cho biết khoản đầu tư h&ocirc;m nay sẽ n&acirc;ng mức định gi&aacute; ước t&iacute;nh của Epic l&ecirc;n 31,5 tỷ USD.&nbsp;</span></p>\n<p><span style=\"background-color: #ffffff;\">&ldquo;L&agrave; một c&ocirc;ng ty giải tr&iacute; s&aacute;ng tạo, ch&uacute;ng t&ocirc;i rất vui mừng được đầu tư v&agrave;o Epic để l&agrave;m s&acirc;u sắc th&ecirc;m mối quan hệ của ch&uacute;ng t&ocirc;i trong lĩnh vực metaverse, một kh&ocirc;ng gian nơi người s&aacute;ng tạo v&agrave; người d&ugrave;ng chia sẻ thời gian của họ&rdquo;, Chủ tịch Tập đo&agrave;n Sony, Chủ tịch ki&ecirc;m Gi&aacute;m đốc điều h&agrave;nh Kenichiro Yoshida cho biết trong th&ocirc;ng c&aacute;o b&aacute;o ch&iacute;.&nbsp;&ldquo;Ch&uacute;ng t&ocirc;i cũng tin tưởng rằng chuy&ecirc;n m&ocirc;n của Epic, bao gồm c&ocirc;ng cụ tr&ograve; chơi mạnh mẽ của họ, kết hợp với c&ocirc;ng nghệ của Sony, sẽ th&uacute;c đẩy c&aacute;c nỗ lực kh&aacute;c nhau của ch&uacute;ng t&ocirc;i, chẳng hạn như ph&aacute;t triển trải nghiệm người h&acirc;m mộ kỹ thuật số mới trong thể thao v&agrave; c&aacute;c s&aacute;ng kiến ​​sản xuất ảo của ch&uacute;ng t&ocirc;i.&rdquo;</span></p>\n<p><span style=\"background-color: #ffffff;\">Khoản đầu tư n&agrave;y được đưa ra sau khi Epic&nbsp;<a style=\"background-color: #ffffff;\" href=\"https://www.gameinformer.com/2022/04/05/unreal-engine-5-is-now-live-alongside-lyra-a-new-playable-shooter-demo\" target=\"_blank\" rel=\"noopener\">ch&iacute;nh thức ph&aacute;t h&agrave;nh Unreal Engine 5</a>&nbsp;v&agrave;o tuần trước, một c&ocirc;ng cụ c&oacute; thể sẽ đ&oacute;ng một vai tr&ograve; quan trọng trong việc ph&aacute;t triển bất kỳ thứ g&igrave; m&agrave; Epic kh&ocirc;ng phải Fortnite nghĩ đến.&nbsp;Metaverse tiếp tục l&agrave; một từ th&ocirc;ng dụng phổ biến khi c&aacute;c c&ocirc;ng ty c&ocirc;ng nghệ ph&aacute;t triển v&agrave; x&aacute;c định c&aacute;c phi&ecirc;n bản của kh&aacute;i niệm n&agrave;y.&nbsp;Epic dường như đi trước đường cong hơn hầu hết c&aacute;c doanh nghiệp, v&igrave; Fortnite đ&atilde; thể hiện nhiều yếu tố &ldquo;thế giới kỹ thuật số to&agrave;n diện&rdquo; m&agrave; metaverse thường được tr&igrave;nh b&agrave;y, l&agrave;m cho khoản đầu tư của Sony c&oacute; thể hiểu được theo nghĩa đ&oacute;.&nbsp;</span></p>\n<p><span style=\"background-color: #ffffff;\">Sony đ&atilde; đầu tư 250 triệu đ&ocirc; la v&agrave;o Epic v&agrave;o th&aacute;ng 7 năm 2020, d&agrave;nh cho tập đo&agrave;n n&agrave;y lợi &iacute;ch thiểu số để củng cố v&agrave; mở rộng sự hợp t&aacute;c về c&ocirc;ng nghệ cho hệ sinh th&aacute;i kỹ thuật số, cụ thể l&agrave; Unreal Engine.&nbsp;Bất chấp c&aacute;c khoản đầu tư ng&agrave;y nay, th&ocirc;ng c&aacute;o b&aacute;o ch&iacute; lưu &yacute; rằng Epic vẫn c&oacute; một loại cổ phiếu phổ th&ocirc;ng đang lưu h&agrave;nh v&agrave; Tim Sweeny vẫn nắm quyền kiểm so&aacute;t với tư c&aacute;ch l&agrave; Gi&aacute;m đốc điều h&agrave;nh.&nbsp;Th&agrave;nh quả của sự hợp t&aacute;c n&agrave;y v&agrave; metaverse của Epic vẫn c&ograve;n được nh&igrave;n thấy v&agrave; c&oacute; thể sẽ kh&ocirc;ng xuất hiện trong một thời gian, nhưng tin tức h&ocirc;m nay l&agrave; một bước quan trọng kh&aacute;c về tiền tệ để biến những kế hoạch đ&oacute; th&agrave;nh hiện thực.&nbsp;</span></p>","12042022085756_epic_games_logo_1.jpg","2022-04-12 08:57:56","4");
INSERT INTO bantin VALUES("23","Thông tin chi tiết về chip M2 của Apple và các máy tính mà họ sẽ cung cấp năng lượng trong rò rỉ mới","19","1","Một số chi tiết hấp dẫn về chip thế hệ tiếp theo của nó","<p id=\"usjVIx\"><span style=\"background-color: #ffffff;\"><a style=\"background-color: #ffffff;\" href=\"https://www.bloomberg.com/news/articles/2022-04-14/apple-readies-several-new-macs-with-next-generation-m2-chips\">Theo&nbsp;Mark Gurman của&nbsp;Bloomberg</a>&nbsp;, Apple được cho l&agrave; đang l&agrave;m việc tr&ecirc;n 9 m&aacute;y Mac mới c&oacute; bộ vi xử l&yacute; M2 sắp tới&nbsp;.&nbsp;Những tin đồn n&agrave;y trở n&ecirc;n n&oacute;ng bỏng sau khi Apple&nbsp;<a style=\"background-color: #ffffff;\" href=\"https://www.theverge.com/22981815/apple-mac-studio-m1-ultra-max-review\">ph&aacute;t h&agrave;nh Mac Studio</a>&nbsp;v&agrave; th&ocirc;ng b&aacute;o rằng&nbsp;<a style=\"background-color: #ffffff;\" href=\"https://www.theverge.com/2022/3/8/22958174/apple-silicon-m1-ultra-chip-soc-processor-cpu-gpu-update\">M1 Ultra</a>&nbsp;sẽ l&agrave; chip cuối c&ugrave;ng trong d&ograve;ng sản phẩm thế hệ hiện tại của</span> h&atilde;ng.</p>\n<p id=\"ehMrvC\"><span style=\"background-color: #ffffff;\">Bloomberg&nbsp;vẫn chưa dự đo&aacute;n về sự thay thế cho Studio, nhưng họ b&aacute;o c&aacute;o rằng hầu hết c&aacute;c mẫu Mac kh&aacute;c sẽ được n&acirc;ng cấp.&nbsp;Gurman cho biết anh đ&atilde; nh&igrave;n thấy bằng chứng về một chiếc MacBook Air chạy bằng M2 với GPU 10 l&otilde;i - tr&aacute;i với&nbsp;<a style=\"background-color: #ffffff;\" href=\"https://www.theverge.com/2022/3/9/22968489/m2-macbook-air-redesign-m1-ming-chi-kuo\">những dự đo&aacute;n trước đ&oacute;</a>&nbsp;rằng một chiếc Air được thiết kế lại vẫn sẽ c&oacute; một chiếc M1 - cũng như một chiếc MacBook Pro M2 cấp thấp với c&ugrave;ng th&ocirc;ng số kỹ thuật.&nbsp;MacBook Pro 14 v&agrave; 16 inch cũng xuất hiện, c&ugrave;ng với Mac Mini v&agrave; Mac Pro mới, tất cả đều sử dụng silicon Apple thế hệ tiếp theo.</span></p>\n<p id=\"ZyPWyH\"><span style=\"background-color: #ffffff;\">Một chiếc Mac Mini với M1 Pro thế hệ hiện tại cũng đ&atilde; bị cắt x&eacute;n, mặc d&ugrave; thật kh&oacute; để tưởng tượng rằng việc xuất hiện tr&ecirc;n thị trường khi Mac Studio đ&atilde; tồn tại.</span></p>\n<p id=\"Zf6Txq\"><span style=\"background-color: #ffffff;\">C&aacute;c m&aacute;y cao cấp hơn được cho l&agrave; sẽ c&oacute; chip M2 Pro v&agrave; M2 Max, trong đ&oacute; Max c&oacute; 12 l&otilde;i CPU v&agrave; 38 l&otilde;i đồ họa (th&ecirc;m hai l&otilde;i CPU v&agrave; s&aacute;u l&otilde;i GPU so với&nbsp;<a style=\"background-color: #ffffff;\" href=\"https://www.theverge.com/2021/10/18/22726444/apple-m1-pro-max-chip-processor-arm-macbook-fastest\">M1 Max hiện tại</a>&nbsp;).&nbsp;Bloomberg&nbsp;kh&ocirc;ng bao gồm chi tiết về ph&acirc;n t&iacute;ch hiệu suất v&agrave; l&otilde;i hiệu suất.&nbsp;M2 Pro cũng xuất hiện như một t&ugrave;y chọn cho Mac Mini v&agrave; Gurman dự đo&aacute;n rằng Mac Pro sẽ c&oacute; &ldquo;người kế nhiệm M1 Ultra&rdquo;.</span></p>\n<aside id=\"NAIvbh\">\n<div class=\"c-read-more\">\n<p class=\"c-read-more__intro\"><span style=\"background-color: #ffffff;\">C&Oacute; LI&Ecirc;N QUAN</span></p>\n<h4><span style=\"background-color: #ffffff;\"><a style=\"background-color: #ffffff;\" href=\"https://www.theverge.com/22972996/apple-silicon-arm-double-size-mac-m1-pro-max-ultra-a15\" data-analytics-link=\"readmore\">Những con chip của Apple đang ở tr&ecirc;n b&agrave;n</a></span></h4>\n</div>\n</aside>\n<p id=\"kh3hwZ\"><span style=\"background-color: #ffffff;\">(Nh&acirc;n tiện, nếu bạn đang cố gắng t&igrave;m c&aacute;ch điều n&agrave;y th&ecirc;m tới ch&iacute;n m&aacute;y t&iacute;nh như t&ocirc;i đ&atilde; l&agrave;m l&uacute;c đầu, th&igrave; đ&oacute; l&agrave; một MacBook Air, một mẫu Pro cấp thấp, hai mẫu Mini, hai mẫu 14 v&agrave; 16- inch MBP - với chip Pro v&agrave; Max tương ứng - v&agrave; m&aacute;y t&iacute;nh để b&agrave;n Pro.)</span></p>\n<p id=\"xcqPEP\"><span style=\"background-color: #ffffff;\">Thật hấp dẫn khi MacBook Pro cấp nhập cảnh c&oacute; thể tồn tại xung quanh v&agrave; vẫn&nbsp;<a style=\"background-color: #ffffff;\" href=\"https://www.theverge.com/2020/11/10/21559228/apple-new-macbook-air-pro-difference-arm-m1-fan-thermal-performance\">hầu như kh&ocirc;ng kh&aacute;c biệt</a>&nbsp;với Air.&nbsp;Bất cứ khi n&agrave;o t&ocirc;i thảo luận về m&aacute;y t&iacute;nh x&aacute;ch tay với c&aacute;c đồng nghiệp của m&igrave;nh, họ thường dự đo&aacute;n rằng Apple sẽ lặng lẽ ngừng sản xuất m&ocirc; h&igrave;nh 13 inch, v&igrave; n&oacute; c&oacute; vẻ như l&agrave; một phương tiện kh&ocirc;ng h&agrave;i l&ograve;ng giữa Air v&agrave; 14 inch Pro.&nbsp;N&oacute; cũng c&oacute; một ch&uacute;t ngoại lệ với Touch Bar, nhưng vẫn l&agrave; một c&acirc;u hỏi mở liệu người kế nhiệm sẽ c&oacute; n&oacute; hay kh&ocirc;ng - b&aacute;o c&aacute;o&nbsp;của Bloomberg&nbsp;kh&ocirc;ng cho biết.</span></p>\n<p id=\"1CZbM3\"><span style=\"background-color: #ffffff;\">Đ&aacute;ng ch&uacute; &yacute; l&agrave; vắng mặt trong danh s&aacute;ch m&aacute;y t&iacute;nh l&agrave; bất kỳ loại iMac n&agrave;o.&nbsp;Kh&ocirc;ng c&oacute; đề cập đến người kế nhiệm cho&nbsp;<a style=\"background-color: #ffffff;\" href=\"https://www.theverge.com/22440059/apple-imac-m1-2021-24-review\">tất cả trong một 24 inch được hỗ trợ bởi M1</a>&nbsp;hoặc một sự thay thế cho&nbsp;<a style=\"background-color: #ffffff;\" href=\"https://www.theverge.com/2022/3/8/22967616/apple-27-inch-imac-studio-desktop\">iMac 27 inch đ&atilde; ngừng sản</a>&nbsp;xuất gần đ&acirc;y .</span></p>\n<p id=\"8Ntz4R\"><span style=\"background-color: #ffffff;\">Gurman cho biết lượng th&ocirc;ng tin phong ph&uacute; n&agrave;y đến từ nhật k&yacute; của nh&agrave; ph&aacute;t triển, c&oacute; lẽ được hiển thị v&igrave; Apple đang thử nghiệm m&aacute;y t&iacute;nh mới của m&igrave;nh bằng ứng dụng của b&ecirc;n thứ ba.&nbsp;Mặc d&ugrave; kh&ocirc;ng kh&oacute; để dự đo&aacute;n rằng Apple sẽ l&agrave;m việc tr&ecirc;n thế hệ chip tiếp theo, nhưng thật th&uacute; vị khi thấy bằng chứng về sự tồn tại của ch&uacute;ng ngo&agrave;i tự nhi&ecirc;n v&agrave; để c&oacute; được th&ocirc;ng tin chi tiết sớm.</span></p>\n<p id=\"syOiKy\"><span style=\"background-color: #ffffff;\">C&oacute; thể kh&ocirc;ng phải chờ l&acirc;u đến vậy trước khi c&oacute; th&ocirc;ng b&aacute;o ch&iacute;nh thức về &iacute;t nhất một v&agrave;i chiếc m&aacute;y t&iacute;nh n&agrave;y -&nbsp;Bloomberg&nbsp;b&aacute;o c&aacute;o rằng &ldquo;&iacute;t nhất hai m&aacute;y Mac&rdquo; c&oacute; thể ra mắt &ldquo;v&agrave;o khoảng giữa năm&rdquo;.&nbsp;V&agrave; bạn c&oacute; biết kh&ocirc;ng, WWDC&nbsp;<a style=\"background-color: #ffffff;\" href=\"https://www.theverge.com/2022/4/5/22984508/apple-wwdc-2022-event-date-software-updates-ios-ipados-macos\">sẽ diễn ra v&agrave;o</a>&nbsp;ng&agrave;y 6 th&aacute;ng 6.</span></p>","15042022110742_Screenshot2022-04-15105008.png","2022-04-15 11:07:42","4");


DROP TABLE IF EXISTS comment;

CREATE TABLE `comment` (
  `id` int(11) unsigned NOT NULL AUTO_INCREMENT,
  `id_news` int(11) NOT NULL,
  `id_user` int(11) NOT NULL,
  `noidung` varchar(100) NOT NULL,
  `date` datetime DEFAULT NULL,
  PRIMARY KEY (`id`)
) ENGINE=InnoDB AUTO_INCREMENT=20 DEFAULT CHARSET=utf8;

INSERT INTO comment VALUES("1","6","4","<","2022-03-11 10:24:57");
INSERT INTO comment VALUES("2","7","5","<","2022-03-24 21:56:07");
INSERT INTO comment VALUES("3","7","5","<","2022-03-24 22:27:59");
INSERT INTO comment VALUES("4","7","4","<","2022-03-27 13:50:49");
INSERT INTO comment VALUES("5","7","4","<","2022-03-27 13:50:59");
INSERT INTO comment VALUES("6","7","4","<","2022-03-27 13:51:10");
INSERT INTO comment VALUES("7","7","4","<","2022-03-27 13:52:05");
INSERT INTO comment VALUES("8","7","4","<","2022-03-27 13:54:45");
INSERT INTO comment VALUES("9","7","4","<p>????</p>","2022-03-27 13:55:21");
INSERT INTO comment VALUES("10","7","4","<p>????</p>","2022-03-27 13:56:01");
INSERT INTO comment VALUES("11","7","4","<p>&lt;script&gt;&lt;/script&gt;</p>","2022-03-27 13:56:23");
INSERT INTO comment VALUES("12","7","4","<p>&lt;script&gt;alert(\"Aloko\")&lt;/script&gt;</p>\n\n<p>&nbsp;</p>","2022-03-27 13:56:50");
INSERT INTO comment VALUES("13","7","4","<p>&lt;script language=\"javascript\"&gt;alert(\"Aloko\")&lt;/script&gt;</p>","2022-03-27 13:57:46");
INSERT INTO comment VALUES("14","7","4","<p>&lt;script language=\"javascript\"&gt;alert(\"Aloko\")&lt;/script&gt;</p>","2022-03-27 13:58:29");
INSERT INTO comment VALUES("15","7","4","<p>????</p>","2022-03-27 13:58:36");
INSERT INTO comment VALUES("16","7","4","<p>&lt;script language=\"javascript\"&gt;alert(\"Aloko\")&lt;/script&gt;</p>","2022-03-27 14:00:22");
INSERT INTO comment VALUES("17","7","4","<p>????</p>","2022-03-27 14:00:29");
INSERT INTO comment VALUES("18","7","4","<p>asdasd asfasfa sfa</p>","2022-03-27 14:00:37");
INSERT INTO comment VALUES("19","7","4","<ul>\n\n<li>\n\n<ul>\n\n<li><em><strong>&lt;script language=\"javascript\"&gt;alert(\"Aloko\")&lt;/script&gt;<","2022-03-27 14:00:59");


DROP TABLE IF EXISTS contact;

CREATE TABLE `contact` (
  `id` int(11) unsigned NOT NULL AUTO_INCREMENT,
  `name` varchar(20) CHARACTER SET utf8 NOT NULL,
  `email` varchar(50) CHARACTER SET utf8 NOT NULL,
  `subject` varchar(100) CHARACTER SET utf8 NOT NULL,
  `message` varchar(300) CHARACTER SET utf8 NOT NULL,
  `date` datetime DEFAULT NULL ON UPDATE CURRENT_TIMESTAMP,
  `status` int(1) NOT NULL,
  PRIMARY KEY (`id`)
) ENGINE=InnoDB AUTO_INCREMENT=13 DEFAULT CHARSET=latin1;

INSERT INTO contact VALUES("1","Cường","tmc110100@gmail.com","500 Internal Server Error","asdqwasf a asasd1 213 123 12","2022-04-04 22:01:42","1");
INSERT INTO contact VALUES("2","Cường","tmc110100@gmail.com","500 Internal Server Error","asdqwasf a asasd1 213 123 12","2022-04-04 21:47:46","0");
INSERT INTO contact VALUES("3","Cường","tmc110100@gmail.com","500 Internal Server Error An internal server error has occured.","ádasdasdasd","2022-04-04 21:41:15","0");
INSERT INTO contact VALUES("4","Cường","tmc110100@gmail.com","500 Internal Server Error An internal server error has occured.","ádasdasdasd","2022-04-04 21:59:09","0");
INSERT INTO contact VALUES("5","Cường","tmc110100@gmail.com","ádasd","ádasdasd","2022-04-04 21:59:12","0");
INSERT INTO contact VALUES("6","Cường","tmc110100@gmail.com","500 Internal Server Error An internal server error has occured.","ádasd","2022-04-07 14:53:52","0");
INSERT INTO contact VALUES("7","Cường","tmc110100@gmail.com","500 Internal Server Errorasáddasd","ádasasd","2022-04-07 14:55:59","0");
INSERT INTO contact VALUES("8","Cường","tmc110100@gmail.com","500 Internal Server Error An internal server error has occured.","123123","2022-04-07 15:04:01","0");
INSERT INTO contact VALUES("9","Cuong","tmc110100@gmail.com","500 Internal Server Error An internal server error has occured.","123123123","2022-04-08 21:03:41","0");
INSERT INTO contact VALUES("10","Cuong","parkyoung30069@gmail.com","500 Internal Server Error An internal server error has occured.","123123123","2022-04-08 21:04:51","0");
INSERT INTO contact VALUES("11","images","test@test.com","500 Internal Server Error","12312312","2022-04-08 21:06:22","0");
INSERT INTO contact VALUES("12","images","test@test.com","500 Internal Server Error An internal server error has occured.","ádadasdas","2022-04-08 21:08:00","0");


DROP TABLE IF EXISTS loaibantin;

CREATE TABLE `loaibantin` (
  `id` int(11) unsigned NOT NULL AUTO_INCREMENT,
  `tenloai` varchar(100) NOT NULL,
  `tenloai_slug` varchar(100) NOT NULL,
  `ID_NhomBanTin` int(11) NOT NULL,
  `icon` varchar(100) DEFAULT 'white.svg',
  PRIMARY KEY (`id`)
) ENGINE=InnoDB AUTO_INCREMENT=30 DEFAULT CHARSET=utf8;

INSERT INTO loaibantin VALUES("1","Bóng đá","","1","bongda.svg");
INSERT INTO loaibantin VALUES("2","Bất Động Sản","","1","bds.svg");
INSERT INTO loaibantin VALUES("3","Chứng Khoán","","1","chungkhoan.svg");
INSERT INTO loaibantin VALUES("4","Thể Thao","","1","thethao.svg");
INSERT INTO loaibantin VALUES("5","Giải trí","","1","white.svg");
INSERT INTO loaibantin VALUES("6","Tài Chính","","1","taichinh.svg");
INSERT INTO loaibantin VALUES("13","Windows 10","","1","win10.svg");
INSERT INTO loaibantin VALUES("14","Windows 11","","1","win11.png");
INSERT INTO loaibantin VALUES("15","Android","","1","android.svg");
INSERT INTO loaibantin VALUES("16","Lập Trình","","2","laptrinh.svg");
INSERT INTO loaibantin VALUES("17","Game","","3","game.svg");
INSERT INTO loaibantin VALUES("18","Ứng Dụng","","4","ungdung.svg");
INSERT INTO loaibantin VALUES("19","Công Nghệ","","1","congnghe.svg");
INSERT INTO loaibantin VALUES("28","IOS","ios","7","08042022163234_icons8-ios-logo-50.png");
INSERT INTO loaibantin VALUES("29","Linux","linux","5","14042022154622_518713.png");


DROP TABLE IF EXISTS nhom;

CREATE TABLE `nhom` (
  `id` int(11) unsigned NOT NULL AUTO_INCREMENT,
  `TenNhom` varchar(100) NOT NULL,
  PRIMARY KEY (`id`)
) ENGINE=InnoDB AUTO_INCREMENT=8 DEFAULT CHARSET=utf8;

INSERT INTO nhom VALUES("1","Windows");
INSERT INTO nhom VALUES("2","Giải Trí");
INSERT INTO nhom VALUES("3","Thể Thao");
INSERT INTO nhom VALUES("4","Tài Chính");
INSERT INTO nhom VALUES("5","Công Nghệ");
INSERT INTO nhom VALUES("6","Moblie");
INSERT INTO nhom VALUES("7","Apple");


DROP TABLE IF EXISTS user;

CREATE TABLE `user` (
  `id` int(11) unsigned NOT NULL AUTO_INCREMENT,
  `username` varchar(30) NOT NULL,
  `password` varchar(300) NOT NULL,
  `email` varchar(50) NOT NULL,
  `firstname` varchar(30) NOT NULL,
  `lastname` varchar(30) NOT NULL,
  `FullName` varchar(100) NOT NULL,
  `address` varchar(50) DEFAULT NULL,
  `age` date DEFAULT NULL,
  `phone` int(11) DEFAULT NULL,
  `status` int(11) DEFAULT NULL,
  `token` varchar(300) DEFAULT NULL,
  `permission` int(1) DEFAULT NULL,
  `avatar` varchar(300) DEFAULT 'avatar.png',
  `failed` int(1) NOT NULL,
  `blocked` int(1) NOT NULL,
  PRIMARY KEY (`id`)
) ENGINE=InnoDB AUTO_INCREMENT=13 DEFAULT CHARSET=utf8;

INSERT INTO user VALUES("4","tmc110100","$2y$10$6v3dF8Qer910ta6AXBQ1jeHSknomK13BPk6O8rFp0Zq43O/uxcxXW","tmc110100@gmail.com","Cường","Cường","Cường Cường","Go vap","2000-01-11","356158414","1","7b8231bce4cda6dd876e736c4339b6f01639929634","1","04042022221918_264316381_912351486342674_9095201623536756343_n.png","2","0");
INSERT INTO user VALUES("5","tranminhcuong","$2y$10$RMOK3IHjWpTte226nCgh2eHw5vom81Xb6OyqoG1VVpi4Kpq/nq/KS","tranminhcuong1101@gmail.com","Trần Minh Cường","Cuong","","Go Vap","2000-11-01","35158414","1","bf4d54b2d57a36801a7dea60a28701b31641660891","0","","0","0");
INSERT INTO user VALUES("6","1101cuong","$2y$10$R7wLRgihNcQ/qpVhOKmiV.QSOcZkS5TgspezF6e.HH/6dV2fakyO6","cuongtm.it@gmail.com","Trần Minh Cường","Cuong","","ád","2022-03-31","361841","1","ca546736b2f4fa3e3e837439ae3a38171646623671","0","","0","0");
INSERT INTO user VALUES("7"," 1c+asd","$2y$10$CevaDGOQWirRwvlVc9LwceQ.AqNvB6hukpCrdAp10lreEfa5SGDmO","tmsad@gmail.com","Trần Minh Cường","Cuong","","123","0000-00-00","123","0","6a843aa0ae259065763c60b9aa1945a01646624710","0","","0","0");
INSERT INTO user VALUES("8","cuongcuong","$2y$10$9i8Hlu53gnXc4yAVNhheFeLaQi2RXiDpGmR2f7AzAr/AnYhn0fCSO","test@test.com","Trần Minh Cường","Cuong","","440/59 thong nhat p16","2000-11-11","2147483647","0","0ec6e061798a1a86d9afdbdb2475529d1648134182","0","","0","0");
INSERT INTO user VALUES("9","cuongtm123","$2y$10$R07rnoPcMGD/eSWrVjiU2eLTnxNk/bzyRphcvGaCLfdG9ZVzgE4Pu","cuongtm.tmak@gmail.com","Trần Minh Cường","Cuong","Trần Minh Cường+Cuong","440/59 thong nhat p16","4010-11-02","2147483647","0","0a9ba44d09b3fc4c32cd35500216367c1648614623","0","avatar.png","0","0");
INSERT INTO user VALUES("10","cuongtm","$2y$10$gi1OK2YjnZJ9606SCAiUE.TmPrXsS1sR5PxJ/lSM6A4mS94ttIR/u","cuongtm.tmakfgdf@gmail.com","Trần Minh Cường","Cuong","Trần Minh Cường Cuong","440/59 thong nhat p16","2000-01-31","123","0","019d81e7d96577d6f049c903b7d2a3eb1648614715","0","avatar.png","0","0");
INSERT INTO user VALUES("11","cuongtmc","$2y$10$U9LYd4dNqhOe4LX/TE5dHepyEk6RQcw.pRTmn2LtBVM6yJsY2ljtS","cuongtmw.tmak@gmail.com","Trần Minh Cường","Cuong","Trần Minh Cường Cuong","440/59 thong nhat p16","4010-11-02","2147483647","0","1b66f5fcd4fc4e437c947bda8f7122551648614904","0","avatar.png","0","0");
INSERT INTO user VALUES("12","cuongtm1231","$2y$10$kbGWlA5GWXjFRNXgkuQRnOVN56e1e6ljcKO8whOYYtcx5S8i6BOr6","tmsasd@gmail.com","","Cuong"," Cuong","123","2321-12-31","213","0","c9f52c8ecdf76a3438a13f4965c03c7e1648626044","0","avatar.png","0","0");


